"award_date","tender_title","buyer","award_value","contract_start","contract_end","supplier","source_url"
"30/09/2022","Pan Essex Keyworker Service for Children and Young People with a diagnosed learning disability and/or autism","ATTAIN","2,421,320.00","01/10/2022 12:00 AM","31/03/2025 12:00 AM","HCRG CARE SERVICES LIMITED","https://www.contractsfinder.service.gov.uk/Notice/78252411-cf34-40b6-8342-22177c0028b2"
"16/09/2022","WP3779 Household Collection of Clinical Waste","WALSALL METROPOLITAN BOROUGH COUNCIL","","","","VEOLIA ES UK LIMITED","https://www.find-tender.service.gov.uk/Notice/026131-2022"
"14/09/2022","Primary Care Medical Services at Arlesey Medical Centre and Shortstown Surgery","NHS BEDFORDSHIRE, LUTON AND MILTON KEYNES INTEGRATED COMMISSIONING BOARD (ICB)","","","","LARKSFIELD SURGERY MEDICAL PARTNERSHIP","https://www.find-tender.service.gov.uk/Notice/025738-2022"
"14/09/2022","Primary Care Medical Services at Arlesey Medical Centre and Shortstown Surgery","NHS BEDFORDSHIRE, LUTON AND MILTON KEYNES INTEGRATED COMMISSIONING BOARD (ICB)","","","","WOOTTON VALE HEALTHY LIVING CENTRE","https://www.find-tender.service.gov.uk/Notice/025738-2022"
"13/09/2022","Efficiencies Review of SOP Process for 3GSS Programme","MINISTRY OF JUSTICE","170,000.00","09/08/2022 12:00 AM","13/09/2022 12:00 AM","VERAN PERFORMANCE LIMITED","https://www.contractsfinder.service.gov.uk/Notice/0c6e93db-9574-4415-ad7e-3be961e71900"
"08/09/2022","Provision of Door Inspection and Survey to the University of Chester","UNIVERSITY OF CHESTER","","","","RIDGE & PARTNERS LLP","https://www.find-tender.service.gov.uk/Notice/025269-2022"
"30/08/2022","Provision of Door Inspection and Survey to the University of Chester","UNIVERSITY OF CHESTER","95,000.00","30/08/2022 12:00 AM","29/08/2024 12:00 AM","RIDGE AND PARTNERS LLP","https://www.contractsfinder.service.gov.uk/Notice/51f588ae-2b30-4afd-b2fe-45b861a5e84a"
"25/08/2022","APAC24 Support","MINISTRY OF DEFENCE","510,000.00","","","BAE SYSTEMS SURFACE SHIPS LTD","https://www.sell2wales.gov.wales/search/show/search_view.aspx?ID=AUG409355"
"25/08/2022","296,000","MINISTRY OF DEFENCE","296,000.00","","","GASTOPS LIMITED","https://www.sell2wales.gov.wales/search/show/search_view.aspx?ID=AUG409373"
"24/08/2022","296,000","MINISTRY OF DEFENCE","","","","GASTOPS LIMITED","https://www.find-tender.service.gov.uk/Notice/023623-2022"
"24/08/2022","APAC24 Support","MINISTRY OF DEFENCE","","","","BAE SYSTEMS SURFACE SHIPS LTD","https://www.find-tender.service.gov.uk/Notice/023604-2022"
"24/08/2022","Primary Care Medical Services at Arlesey Medical Centre and Shortstown Surgery","ATTAIN","798,176.00","01/11/2022 12:00 AM","01/11/2039 12:00 AM","LARKSFIELD SURGERY MEDICAL PARTNERSHIP","https://www.contractsfinder.service.gov.uk/Notice/1d4a3df9-d962-4e8f-9309-a90753a37417"
"21/08/2022","NSSL Extension","MINISTRY OF DEFENCE","9,000,000.00","","","NSSL GLOBAL LIMITED","https://www.sell2wales.gov.wales/search/show/search_view.aspx?ID=AUG408881"
"08/08/2022","WP3779 Household Collection of Clinical Waste - AWARD","WALSALL COUNCIL E-TENDERING","0.00","01/07/2022 12:00 AM","30/06/2025 12:00 AM","VEOLIA ENVIRONMENTAL SERVICES (UK) LTD","https://www.contractsfinder.service.gov.uk/Notice/33d45d52-686b-4935-a8c5-2789df3725f1"
"06/08/2022","VTN 704456454 - DDSFTW076 Northrop Grumman Software License Agreement","MINISTRY OF DEFENCE","4,300,000.00","","","NORTHROP GRUMMAN","https://www.sell2wales.gov.wales/search/show/search_view.aspx?ID=AUG407186"
"02/08/2022","Lot 1 Leisure and Residential Furniture National Framework","GLOUCESTERSHIRE COUNTY COUNCIL","472,333.25","01/09/2022 12:00 AM","31/08/2023 12:00 AM","RENRAY HEALTHCARE","https://www.contractsfinder.service.gov.uk/Notice/1f41521b-40ae-49f4-a0ed-f6b741a56407"
"26/07/2022","CHC/648 Support, Repairs & Spares of the Electro-Optic Sensor Turret (EOST)","MINISTRY OF DEFENCE","7,000,000.00","","","LEONARDO UK LTD","https://www.sell2wales.gov.wales/search/show/search_view.aspx?ID=JUL405747"
"26/07/2022","ESF Skills for Growth: Logistics Skills","GREATER MANCHESTER COMBINED AUTHORITY","1,000,000.00","","","SEETEC BUSINESS TECHNOLOGY CENTRE LIMITED","https://ted.europa.eu/udl?uri=TED:NOTICE:407856-2022:TEXT:EN:HTML"
"25/07/2022","CHC/648 Support, Repairs & Spares of the Electro-Optic Sensor Turret (EOST)","MINISTRY OF DEFENCE","","","","LEONARDO UK LTD","https://www.find-tender.service.gov.uk/Notice/020140-2022"
"19/07/2022","Targeted Lung Health Check (TLHC) Project","ATTAIN","467,776.00","30/09/2022 12:00 AM","29/09/2024 12:00 AM","GP PRIMARY CHOICE LTD","https://www.contractsfinder.service.gov.uk/Notice/075278b9-cac9-4414-89ee-f4b69f6c4752"
"11/07/2022","Award of Energy Contracts (Gas and Electricity) for B&NES","BATH AND NORTH EAST SOMERSET COUNCIL","","","","BRITISH GAS TRADING LTD","https://www.find-tender.service.gov.uk/Notice/018915-2022"
"08/07/2022","Procurement of Commercial Advisors - Rapid Response Unit - Framework Agreement","SCOTTISH GOVERNMENT","","","","","https://www.find-tender.service.gov.uk/Notice/018754-2022"
"05/07/2022","ESF Skills for Growth: Logistics Skills","GREATER MANCHESTER COMBINED AUTHORITY","","","","SEETEC BUSINESS TECHNOLOGY CENTRE LIMITED","https://www.find-tender.service.gov.uk/Notice/018417-2022"
"01/07/2022","Provision of Supplemental Student Mental Health and Wellbeing Services","UNIVERSITY OF SOUTHAMPTON","400,000.00","01/07/2022 12:00 AM","30/06/2026 12:00 AM","SPECTRUM WELLNESS LTD","https://www.contractsfinder.service.gov.uk/Notice/f10d2148-0669-480b-82a9-5943e9e37318"
"30/06/2022","Award of Energy Contracts (Gas and Electricity) for B&NES","BATH AND NORTH EAST SOMERSET COUNCIL","11,000,000.00","01/07/2022 12:00 AM","31/03/2024 12:00 AM","EDF","https://www.contractsfinder.service.gov.uk/Notice/91961c41-6f07-4a9e-912d-2693095fec6c"
"25/06/2022","SUPPORT FOR DEVNUSCOT AND RPT TRAINER","MINISTRY OF DEFENCE","1,098,753.00","","","THALES UK LTD","https://www.sell2wales.gov.wales/search/show/search_view.aspx?ID=JUN402917"
"24/06/2022","SUPPORT FOR DEVNUSCOT AND RPT TRAINER","MINISTRY OF DEFENCE","","","","THALES UK LTD","https://www.find-tender.service.gov.uk/Notice/017295-2022"
"24/06/2022","704030450 - TRANSPARENCY NOTICE","MINISTRY OF DEFENCE","1,639,000.00","24/06/2022 12:00 AM","18/12/2022 12:00 AM","BAE SYSTEMS (OPERATIONS) LIMITED","https://www.contractsfinder.service.gov.uk/Notice/32d45087-f518-45d9-94d4-1bd21721566c"
"20/06/2022","FM22077 - Testing of Smart Washing Machines for Compliance with Ecodesign Legislation","UK SHARED BUSINESS SERVICES LIMITED","49,095.00","20/06/2022 12:00 AM","12/09/2022 12:00 AM","UL VS LIMITED","https://www.contractsfinder.service.gov.uk/Notice/9afde75e-ba13-4bb9-8cf1-ecc3a7a27c6a"
"01/06/2022","The Supply and In-Service Support Of the Soft Landing System (SLS)","MINISTRY OF DEFENCE","2,800,000.00","","","FOREST SAFETY GROUP LTD","https://www.sell2wales.gov.wales/search/show/search_view.aspx?ID=JUN400648"
"01/06/2022","Provision of WADER Software Upgrade Plan","MINISTRY OF DEFENCE","1,380,399.00","","","OCEAN ACOUSTIC DEVELOPMENTS LTD","https://www.sell2wales.gov.wales/search/show/search_view.aspx?ID=JUN400739"
"31/05/2022","Provision of WADER Software Upgrade Plan","MINISTRY OF DEFENCE","","","","OCEAN ACOUSTIC DEVELOPMENTS LTD","https://www.find-tender.service.gov.uk/Notice/015281-2022"
"24/05/2022","Priority Habitat Management Pilot","WELSH GOVERNMENT","","","","RSK ADAS LIMITED","https://www.find-tender.service.gov.uk/Notice/014188-2022"
"23/05/2022","Hidden Economy In Great Britain Second Wave","H M REVENUE & CUSTOMS","150,000.00","30/05/2022 12:00 AM","22/01/2023 12:00 AM","NATIONAL CENTRE FOR SOCIAL RESEARCH","https://www.contractsfinder.service.gov.uk/Notice/ef9f8ce6-2070-4434-8590-feba776b37f3"
"20/05/2022","Design and Redevelopment of University of Chester’s Corporate Website","UNIVERSITY OF CHESTER","","","","BLOOM DIGITAL LIMITED","https://www.find-tender.service.gov.uk/Notice/013648-2022"
"19/05/2022","ESF Skills for Growth: Logistics Skills","GREATER MANCHESTER COMBINED AUTHORITY (GMCA)","1,000,000.00","15/06/2022 12:00 AM","30/09/2023 12:00 AM","SEETEC BUSINESS TECHNOLOGY CENTRE LIMITED","https://www.contractsfinder.service.gov.uk/Notice/57bfc558-d78d-4268-868c-eeed16ea0eb7"
"17/05/2022","Inclusivity in Menopause Support","ATTAIN","30,000.00","01/06/2022 12:00 AM","01/09/2022 12:00 AM","UNIVERSITY OF SUFFOLK","https://www.contractsfinder.service.gov.uk/Notice/4dfaf859-231a-45a4-9b47-e7c3b5dcf8da"
"15/05/2022","Midlands Free Ports and Ratcliffe on Soar Local Development Order","NATIONAL HIGHWAYS LIMITED","22,496.81","16/05/2022 12:00 AM","31/08/2022 12:00 AM","JACOBS UK LTD","https://www.contractsfinder.service.gov.uk/Notice/f0634016-8159-4f04-9f74-e541e552101d"
"12/05/2022","BLMK Primary Care: Video Consultation and SMS Batching Service","ATTAIN HEALTH MANAGEMENT SERVICES LTD","1,001,456.31","01/06/2022 12:00 AM","31/05/2024 12:00 AM","ACCURX LTD","https://www.contractsfinder.service.gov.uk/Notice/335cc6ea-e0b5-456a-a1fb-aa13a61c8e96"
"11/05/2022","North East Essex Community Spirometry Diagnostic Service","ATTAIN","229,313.00","28/06/2022 12:00 AM","27/06/2023 12:00 AM","GP PRIMARY CHOICE LTD","https://www.contractsfinder.service.gov.uk/Notice/db17b2b3-c32b-4f85-98cf-d838729e8d89"
"10/05/2022","Subscription to Market Intelligence Platform","DFTC - DEPARTMENT FOR TRANSPORT","76,000.00","11/05/2022 12:00 AM","10/05/2024 12:00 AM","S&P GLOBAL","https://www.contractsfinder.service.gov.uk/Notice/d9847d0e-0dcf-4d10-869d-abbe41758c77"
"09/05/2022","GB-Leeds: PE2021-22/738 Labour Mobility in Transition Project - Survey","UNIVERSITY OF LEEDS","128,775.00","01/06/2022 12:00 AM","30/09/2022 12:00 AM","IFF RESEARCH LTD","https://www.contractsfinder.service.gov.uk/Notice/3bccfb0a-2b26-4494-b9d0-363590abd01e"
"30/04/2022","Business and Finance News Service","H M REVENUE & CUSTOMS","560,354.00","01/05/2022 12:00 AM","30/04/2025 12:00 AM","THE FINANCIAL TIMES LTD","https://www.contractsfinder.service.gov.uk/Notice/ebaf18e5-46f9-439a-bab7-035bc1b55a40"
"29/04/2022","21217 - Partnering Consultant for Retail Planning","PLYMOUTH CITY COUNCIL","170,000.00","02/05/2022 12:00 AM","01/05/2027 12:00 AM","AVISON YOUNG (UK) LTD","https://www.contractsfinder.service.gov.uk/Notice/2399437a-1dcb-4491-a045-19375719d076"
"26/04/2022","Design and Redevelopment of University of Chester's Corporate Website","UNIVERSITY OF CHESTER","300,000.00","03/05/2022 12:00 AM","02/05/2027 12:00 AM","BLOOM DIGITAL LIMITED","https://www.contractsfinder.service.gov.uk/Notice/2eb50b3f-0bc6-45d9-a7cd-fdc76c305120"
"22/04/2022","Enhanced Health in Care Homes Services in Mid Essex","ATTAIN","45,000.00","04/01/2022 12:00 AM","30/04/2022 12:00 AM","MY HOME LIFE","https://www.contractsfinder.service.gov.uk/Notice/af4f6d2c-db3f-4c3f-8103-1cdc0c85fb80"
"22/04/2022","Installation of the KRS Communication System onto Wave Class Vessels","MINISTRY OF DEFENCE","6,000,000.00","","","THALES UK","https://www.sell2wales.gov.wales/search/show/search_view.aspx?ID=APR395557"
"13/04/2022","QU562 - Birmingham Retail & Leisure Needs Assessment  - AWARD","BIRMINGHAM CITY COUNCIL","49,605.00","19/04/2022 12:00 AM","31/12/2022 12:00 AM","NEXUS PLANNING","https://www.contractsfinder.service.gov.uk/Notice/e50fbf79-1e82-47a0-9877-eb222ac522ee"
"12/04/2022","Apprenticeship Levy L2 Large Goods Vehicle",".EAST RIDING OF YORKSHIRE COUNCIL","70,000.00","12/04/2022 12:00 AM","31/12/2025 12:00 AM","SEETEC","https://www.contractsfinder.service.gov.uk/Notice/bc89c240-be02-4bc4-96d9-cc0bed9388a6"
"30/03/2022","BLMK ICS Digital Maternity Strategy","ATTAIN HEALTH MANAGEMENT SERVICES LTD","33,000.00","20/04/2022 12:00 AM","29/07/2022 12:00 AM","IDEAL HEALTH LTD","https://www.contractsfinder.service.gov.uk/Notice/e3a33698-dde7-452e-b204-69f2d0d88484"
"28/03/2022","Primary Care Careers, new branding and website redesign","ATTAIN","49,160.00","04/04/2022 12:00 AM","03/10/2022 12:00 AM","VIBE AGENCY LIMITED","https://www.contractsfinder.service.gov.uk/Notice/74aa26c3-9fda-4447-af6d-61c7836fe9e0"
"25/03/2022","Safe Regeneration Framework acting by its agent Rise Construction Framework Ltd","SAFE REGENERATION LTD","","","","STERLING SERVICES (NORTHERN) LTD","https://www.find-tender.service.gov.uk/Notice/008190-2022"
"25/03/2022","Safe Regeneration Framework acting by its agent Rise Construction Framework Ltd","SAFE REGENERATION LTD","","","","FWP LTD","https://www.find-tender.service.gov.uk/Notice/008190-2022"
"25/03/2022","Safe Regeneration Framework acting by its agent Rise Construction Framework Ltd","SAFE REGENERATION LTD","","","","FWP LTD","https://www.find-tender.service.gov.uk/Notice/008190-2022"
"25/03/2022","Safe Regeneration Framework acting by its agent Rise Construction Framework Ltd","SAFE REGENERATION LTD","","","","RIDER LEVETT BUCKNALL UK LTD","https://www.find-tender.service.gov.uk/Notice/008190-2022"
"25/03/2022","Safe Regeneration Framework acting by its agent Rise Construction Framework Ltd","SAFE REGENERATION LTD","","","","RIDER LEVETT BUCKNALL UK LTD","https://www.find-tender.service.gov.uk/Notice/008190-2022"
"25/03/2022","Safe Regeneration Framework acting by its agent Rise Construction Framework Ltd","SAFE REGENERATION LTD","","","","GK CONSTRUCTION & PROJECT MANAGEMENT","https://www.find-tender.service.gov.uk/Notice/008190-2022"
"25/03/2022","Safe Regeneration Framework acting by its agent Rise Construction Framework Ltd","SAFE REGENERATION LTD","","","","M&Y MAINTENANCE AND CONSTRUCTION LTD","https://www.find-tender.service.gov.uk/Notice/008190-2022"
"25/03/2022","Safe Regeneration Framework acting by its agent Rise Construction Framework Ltd","SAFE REGENERATION LTD","","","","FWP LTD","https://www.find-tender.service.gov.uk/Notice/008190-2022"
"25/03/2022","Safe Regeneration Framework acting by its agent Rise Construction Framework Ltd","SAFE REGENERATION LTD","","","","FWP LTD","https://www.find-tender.service.gov.uk/Notice/008190-2022"
"25/03/2022","Safe Regeneration Framework acting by its agent Rise Construction Framework Ltd","SAFE REGENERATION LTD","","","","FWP LTD","https://www.find-tender.service.gov.uk/Notice/008190-2022"
"25/03/2022","Safe Regeneration Framework acting by its agent Rise Construction Framework Ltd","SAFE REGENERATION LTD","","","","M&Y MAINTENANCE AND CONSTRUCTION LTD","https://www.find-tender.service.gov.uk/Notice/008190-2022"
"25/03/2022","Safe Regeneration Framework acting by its agent Rise Construction Framework Ltd","SAFE REGENERATION LTD","","","","M&Y MAINTENANCE AND CONSTRUCTION LTD","https://www.find-tender.service.gov.uk/Notice/008190-2022"
"25/03/2022","Safe Regeneration Framework acting by its agent Rise Construction Framework Ltd","SAFE REGENERATION LTD","","","","FWP LTD","https://www.find-tender.service.gov.uk/Notice/008190-2022"
"25/03/2022","Safe Regeneration Framework acting by its agent Rise Construction Framework Ltd","SAFE REGENERATION LTD","","","","PLP CONSTRUCTION LIMITED","https://www.find-tender.service.gov.uk/Notice/008190-2022"
"25/03/2022","Safe Regeneration Framework acting by its agent Rise Construction Framework Ltd","SAFE REGENERATION LTD","","","","ALM CONSTRUCTION LTD","https://www.find-tender.service.gov.uk/Notice/008190-2022"
"25/03/2022","Safe Regeneration Framework acting by its agent Rise Construction Framework Ltd","SAFE REGENERATION LTD","","","","D&G BUILDERS & JOINERS LTD","https://www.find-tender.service.gov.uk/Notice/008190-2022"
"25/03/2022","Safe Regeneration Framework acting by its agent Rise Construction Framework Ltd","SAFE REGENERATION LTD","","","","10ARCHITECT HEALTHCARE LTD","https://www.find-tender.service.gov.uk/Notice/008190-2022"
"25/03/2022","Safe Regeneration Framework acting by its agent Rise Construction Framework Ltd","SAFE REGENERATION LTD","6,000,000,000.00","25/03/2022 12:00 AM","24/03/2026 12:00 AM","GK CONSTRUCTION & PROJECT MANAGEMENT","https://www.contractsfinder.service.gov.uk/Notice/2ce404bb-16b6-47fa-b77a-289566e36a17"
"24/03/2022","Priority Habitat Management Pilot","WELSH GOVERNMENT","","","","RSK ADAS LIMITED","https://www.find-tender.service.gov.uk/Notice/007988-2022"
"24/03/2022","Priority Habitat Management Pilot","WELSH GOVERNMENT","233,939.00","","","RSK ADAS LIMITED","https://www.sell2wales.gov.wales/search/show/search_view.aspx?ID=MAR392756"
"23/03/2022","Specialist IVF Services for NHS Mid and South Essex CCGs","NHS MID ESSEX CLINICAL COMMISSIONING GROUP","","","","IVI LONDON WIMPOLE LTD","https://www.find-tender.service.gov.uk/Notice/007823-2022"
"23/03/2022","Specialist IVF Services for NHS Mid and South Essex CCGs","NHS MID ESSEX CLINICAL COMMISSIONING GROUP","","","","HERTS & ESSEX FERTILITY CENTRE LIMITED","https://www.find-tender.service.gov.uk/Notice/007823-2022"
"23/03/2022","Specialist IVF Services for NHS Mid and South Essex CCGs","NHS MID ESSEX CLINICAL COMMISSIONING GROUP","","","","CREATE FERTILITY LIMITED","https://www.find-tender.service.gov.uk/Notice/007823-2022"
"23/03/2022","Specialist IVF Services for NHS Mid and South Essex CCGs","NHS MID ESSEX CLINICAL COMMISSIONING GROUP","","","","GUY'S AND ST THOMAS'S NHS FOUNDATION TRUST","https://www.find-tender.service.gov.uk/Notice/007823-2022"
"23/03/2022","Specialist IVF Services for NHS Mid and South Essex CCGs","NHS MID ESSEX CLINICAL COMMISSIONING GROUP","","","","CARE FERTILITY GROUP LIMITED","https://www.find-tender.service.gov.uk/Notice/007823-2022"
"23/03/2022","Specialist IVF Services for NHS Mid and South Essex CCGs","NHS MID ESSEX CLINICAL COMMISSIONING GROUP","","","","CAMBRIDGE UNIVERSITY HOSPITALS NHS FOUNDATION TRUST","https://www.find-tender.service.gov.uk/Notice/007823-2022"
"23/03/2022","Specialist IVF Services for NHS Mid and South Essex CCGs","NHS MID ESSEX CLINICAL COMMISSIONING GROUP","","","","BOURN BIOSCIENCE LIMITED","https://www.find-tender.service.gov.uk/Notice/007823-2022"
"22/03/2022","Community based cardiovascular disease support","ATTAIN","161,000.00","01/04/2022 12:00 AM","31/03/2023 12:00 AM","GP PRIMARY CHOICE LTD","https://www.contractsfinder.service.gov.uk/Notice/144f374f-ae83-46d6-95f5-8acd7d54b836"
"19/03/2022","Purchase of Motion Capture Systems for RN Muscoskeletal Injury Mitigation","MINISTRY OF DEFENCE","245,646.00","","","CODAMOTION LTD","https://www.sell2wales.gov.wales/search/show/search_view.aspx?ID=MAR392360"
"19/03/2022","Purchase of Pressure Plates for RN Muscoskeletal Injury Mitigation Programme","MINISTRY OF DEFENCE","162,050.00","","","GAIT AND MOTION TECHNOLOGY LTD","https://www.sell2wales.gov.wales/search/show/search_view.aspx?ID=MAR392361"
"16/03/2022","South Essex Children&apos;s End of Life and Hospice Care Services","ATTAIN","279,178.00","01/04/2022 12:00 AM","31/03/2023 12:00 AM","HAVENS HOSPICES","https://www.contractsfinder.service.gov.uk/Notice/ca5e3d93-fef0-4e4b-beef-560b51ced844"
"16/03/2022","Mental Health Autism Spectrum Disorder Assessments in Mid and South Essex","ATTAIN","184,500.00","01/04/2022 12:00 AM","31/03/2023 12:00 AM","HELIOUS LTD","https://www.contractsfinder.service.gov.uk/Notice/ee759a7b-6f2b-419f-baa1-58922c695ce7"
"16/03/2022","Mental Health Autism Spectrum Disorder Assessment Services in South Essex","ATTAIN","98,800.00","01/04/2022 12:00 AM","31/03/2023 12:00 AM","LONDON EARLY AUTISM DIAGNOSIS","https://www.contractsfinder.service.gov.uk/Notice/bcd1ab74-4e7b-402c-ac12-e2d8869f1057"
"16/03/2022","Mental Health Befriending Service in Mid and South Essex","ATTAIN","37,703.00","01/04/2022 12:00 AM","31/03/2023 12:00 AM","CASTLE POINT ASSOCIATION OF VOLUNTARY SERVICES","https://www.contractsfinder.service.gov.uk/Notice/e1fec267-d3b5-4a86-9756-0398589423f2"
"16/03/2022","South East Essex Autism Spectrum Disorder Assessments","ATTAIN","406,800.00","01/04/2022 12:00 AM","31/03/2023 12:00 AM","PROVIDE WELLBEING LIMITED","https://www.contractsfinder.service.gov.uk/Notice/7b18b973-82f1-4af7-bc54-74b497a2f228"
"16/03/2022","Mid and South Essex Continuing Health Care Adult Personal Healthcare Budgets","ATTAIN","31,666.00","01/04/2022 12:00 AM","31/03/2023 12:00 AM","PURPLE ZEST LIMITED","https://www.contractsfinder.service.gov.uk/Notice/b99d4505-541e-4591-b661-9e3997264a26"
"16/03/2022","Mid Essex Adults Overnight and Day Sitting Service for Palliative and End of Life Patients","ATTAIN","209,964.00","01/04/2022 12:00 AM","31/03/2023 12:00 AM","MARIE CURIE","https://www.contractsfinder.service.gov.uk/Notice/54a564f0-f14e-4a66-bbdd-7a23e5e7f975"
"16/03/2022","Launch Agreement","MINISTRY OF DEFENCE","150,000.00","","","LOCKHEED MARTIN SPACE","https://www.sell2wales.gov.wales/search/show/search_view.aspx?ID=MAR391925"
"15/03/2022","Launch Agreement","MINISTRY OF DEFENCE","","","","LOCKHEED MARTIN SPACE","https://www.find-tender.service.gov.uk/Notice/007073-2022"
"14/03/2022","North East Essex Neighbourhood Evaluation Framework","ATTAIN","100,000.00","04/04/2022 12:00 AM","03/04/2023 12:00 AM","UNIVERSITY OF SUFFOLK","https://www.contractsfinder.service.gov.uk/Notice/2017ef79-c0db-40b4-a826-aea8047caa2a"
"12/03/2022","Agreement further to Section 106 Town and Country Planning Act 1990 (as amended) relating to construction of a 2FE Primary School on a development at Wretchwick Way, Bicester, Oxfordshire","OXFORDSHIRE COUNTY COUNCIL","11,166,876.00","","","REDROW HOMES","https://www.sell2wales.gov.wales/search/show/search_view.aspx?ID=MAR391509"
"11/03/2022","CYP Counselling and Support Service for NHS Mid and South Essex CCGs","ATTAIN","97,995.00","01/04/2022 12:00 AM","31/03/2023 12:00 AM","KIDS INSPIRE","https://www.contractsfinder.service.gov.uk/Notice/ed339593-f7f3-422f-97dd-b6ab5c06405b"
"11/03/2022","South West Essex Mental Health Support Services","ATTAIN","0.00","01/04/2022 12:00 AM","31/03/2023 12:00 AM","SPECIAL NEEDS AND PARENTS LTD (SNAP)","https://www.contractsfinder.service.gov.uk/Notice/d0ef4bf7-8d8f-4ef0-b91c-a367e937504b"
"11/03/2022","Mental Health Support Services - Accommodation for South West and South East Essex","ATTAIN","415,348.00","01/04/2022 12:00 AM","31/03/2023 12:00 AM","CHOICE SUPPORT","https://www.contractsfinder.service.gov.uk/Notice/24eb0659-2480-46fa-9fc3-d07a2f954667"
"11/03/2022","Community Carpal Tunnel Services for South East Essex","ATTAIN","90,931.00","01/04/2022 12:00 AM","31/03/2023 12:00 AM","BMI HEALTHCARE PART OF CIRCLE HEALTH GROUP","https://www.contractsfinder.service.gov.uk/Notice/6237c64b-3524-4193-b62d-a7294503dfb6"
"11/03/2022","Mental Health Support Services for NHS Mid Essex Clinical Commissioning Group","ATTAIN","51,321.00","01/04/2022 12:00 AM","31/03/2023 12:00 AM","RENEW COUNSELLING LTD.","https://www.contractsfinder.service.gov.uk/Notice/4b0b1103-c515-4456-b7c9-6466ac423cdf"
"11/03/2022","IT Mental Health Software Support Services for Mid and South Essex 2022","ATTAIN","191,485.00","01/04/2022 12:00 AM","31/03/2023 12:00 AM","TRIPLE POINT LLP","https://www.contractsfinder.service.gov.uk/Notice/28f1fcce-5dca-44e2-b9e6-d5dc49989964"
"11/03/2022","Community Carpal Tunnel Services for South East Essex","ATTAIN","76,228.00","01/04/2022 12:00 AM","31/03/2023 12:00 AM","TOLLGATE CLINIC LTD","https://www.contractsfinder.service.gov.uk/Notice/72b87167-1cd8-444f-a6c7-17128c2aaa54"
"11/03/2022","Community Stroke Support for NHS Thurrock CCG","ATTAIN","54,449.00","01/04/2022 12:00 AM","31/03/2023 12:00 AM","STROKE ASSOCIATION","https://www.contractsfinder.service.gov.uk/Notice/e1ad4254-9c75-4e51-a499-32b7f2161b63"
"11/03/2022","Community Non-Weight Baring Service for Mid Essex","ATTAIN","340,838.00","01/04/2022 12:00 AM","31/03/2023 12:00 AM","SONNET CARE HOMES (ESSEX) LIMITED","https://www.contractsfinder.service.gov.uk/Notice/c75d1c05-59e8-42ba-93cb-4c3072a6d573"
"11/03/2022","Community Services - NEEDS for NHS Mid Essex Clinical Commissioning Group","ATTAIN","77,369.00","01/04/2022 12:00 AM","31/03/2023 12:00 AM","SUFFOLK GP FEDERATION C.I.C.","https://www.contractsfinder.service.gov.uk/Notice/63a100c5-d9d8-42af-b5c7-83ced9c200df"
"11/03/2022","Positive Pathways Service for NHS Thurrock Clinical Commissioning Group","ATTAIN","267,080.00","01/04/2022 12:00 AM","31/03/2023 12:00 AM","THURROCK AND BRENTWOOD MIND","https://www.contractsfinder.service.gov.uk/Notice/e55aada5-f76e-49cd-bb68-ecd1687d7ad4"
"11/03/2022","Mental Health Support Counselling for Children & Young People for Mid and South East Essex","ATTAIN","91,152.00","01/04/2022 12:00 AM","31/03/2023 12:00 AM","SOUTH EAST AND CENTRAL ESSEX MIND LIMITED","https://www.contractsfinder.service.gov.uk/Notice/72712425-bf8c-486e-ad88-8e397434430a"
"11/03/2022","IT Mental Health Software Support Services for Mid and South Essex","ATTAIN","191,485.00","01/04/2022 12:00 AM","31/03/2023 12:00 AM","TRIPLE POINT LLP","https://www.contractsfinder.service.gov.uk/Notice/709fe822-c3f1-449a-8e29-a22f43cee578"
"11/03/2022","South West Essex Mental Health Support Services","ATTAIN","0.00","01/04/2022 12:00 AM","31/03/2023 12:00 AM","YOUNG PEOPLE&APOS;S COUNSELLING SERVICE","https://www.contractsfinder.service.gov.uk/Notice/00c1a10e-b914-4042-9970-97065a1fa4a5"
"11/03/2022","Counselling for Children & Young People for Mid and South East Essex","ATTAIN","33,552.00","01/04/2022 12:00 AM","31/03/2023 12:00 AM","OPEN DOOR YOUTH COUNSELLING LTD","https://www.contractsfinder.service.gov.uk/Notice/fa4d4de9-ebfb-47f0-bd74-74adeed5e872"
"11/03/2022","Community Weight Management Services for South East Essex","ATTAIN","200,185.00","01/04/2022 12:00 AM","31/03/2023 12:00 AM","MORE LIFE MANAGEMENT LIMITED","https://www.contractsfinder.service.gov.uk/Notice/78d148fa-74f0-4212-b48d-5219d5be0000"
"10/03/2022","North East Essex Diabetes Service (NEEDS)","ATTAIN","204,147.85","01/04/2022 12:00 AM","30/04/2022 12:00 AM","SUFFOLK GP FEDERATION CIC","https://www.contractsfinder.service.gov.uk/Notice/9215ccd9-73d4-436c-a053-fb5ea1a30d94"
"09/03/2022","Specialist Emergency Lifting Chairs for Care Homes in North East Essex","ATTAIN","70,900.00","09/03/2022 12:00 AM","08/03/2023 12:00 AM","FELGAINS LTD","https://www.contractsfinder.service.gov.uk/Notice/273a0bf4-461b-40a2-8d7c-795369e62056"
"22/02/2022","Provision of three purpose-built modular clinical rooms for Mid and South Essex for Respiratory disease diagnosis and management","ATTAIN","128,340.00","01/03/2022 12:00 AM","29/02/2024 12:00 AM","CLINICABIN LTD","https://www.contractsfinder.service.gov.uk/Notice/b6b698fb-63f6-44c0-8ba9-0e2fe646b7cf"
"17/02/2022","Framework Agreement for the supply of unlicensed imported medicines services and product","LEEDS TEACHING HOSPITALS","","","","WAYMADE PLC","https://www.find-tender.service.gov.uk/Notice/004574-2022"
"17/02/2022","Framework Agreement for the supply of unlicensed imported medicines services and product","LEEDS TEACHING HOSPITALS","","","","TARGET HEALTHCARE LTD","https://www.find-tender.service.gov.uk/Notice/004574-2022"
"17/02/2022","Framework Agreement for the supply of unlicensed imported medicines services and product","LEEDS TEACHING HOSPITALS","","","","ALIUM MEDICAL LIMITED","https://www.find-tender.service.gov.uk/Notice/004574-2022"
"17/02/2022","Framework Agreement for the supply of unlicensed imported medicines services and product","LEEDS TEACHING HOSPITALS","","","","IPS SPECIALS (VERTICAL PHARMA)","https://www.find-tender.service.gov.uk/Notice/004574-2022"
"17/02/2022","Framework Agreement for the supply of unlicensed imported medicines services and product","LEEDS TEACHING HOSPITALS","","","","ENNOGEN HEALTHCARE LTD","https://www.find-tender.service.gov.uk/Notice/004574-2022"
"17/02/2022","Framework Agreement for the supply of unlicensed imported medicines services and product","LEEDS TEACHING HOSPITALS","","","","CLINIGEN HEALHTCARE LTD","https://www.find-tender.service.gov.uk/Notice/004574-2022"
"17/02/2022","Framework Agreement for the supply of unlicensed imported medicines services and product","LEEDS TEACHING HOSPITALS","","","","DURBIN PLC","https://www.find-tender.service.gov.uk/Notice/004574-2022"
"17/02/2022","Framework Agreement for the supply of unlicensed imported medicines services and product","LEEDS TEACHING HOSPITALS","","","","UL GLOBAL PHARMA LTD","https://www.find-tender.service.gov.uk/Notice/004574-2022"
"17/02/2022","Framework Agreement for the supply of unlicensed imported medicines services and product","LEEDS TEACHING HOSPITALS","","","","MAWDSLEY BROOKS & CO LTD","https://www.find-tender.service.gov.uk/Notice/004574-2022"
"17/02/2022","Framework Agreement for the supply of unlicensed imported medicines services and product","LEEDS TEACHING HOSPITALS","","","","SYRI LTD","https://www.find-tender.service.gov.uk/Notice/004574-2022"
"17/02/2022","Framework Agreement for the supply of unlicensed imported medicines services and product","LEEDS TEACHING HOSPITALS","","","","PHARMASURE LTD","https://www.find-tender.service.gov.uk/Notice/004574-2022"
"16/02/2022","MCSU Site Services Agreement","MINISTRY OF DEFENCE","191,666.67","","","QINETIQ LTD","https://www.sell2wales.gov.wales/search/show/search_view.aspx?ID=FEB388850"
"15/02/2022","MCSU Site Services Agreement","MINISTRY OF DEFENCE","","","","QINETIQ LTD","https://www.find-tender.service.gov.uk/Notice/004334-2022"
"14/02/2022","Politico Pro License Agreement","DEPARTMENT FOR BUSINESS, ENERGY & INDUSTRIAL STRATEGY","23,871.00","26/03/2022 12:00 AM","25/03/2023 12:00 AM","POLITICO","https://www.contractsfinder.service.gov.uk/Notice/eea33596-775c-4f40-9e94-30aa033c9237"
"09/02/2022","Agreement further to Section 106 Town and Country Planning Act 1990 (as amended) relating to construction of 2 Primary Schools development to at Valley Park, Didcot, Oxfordshire","OXFORDSHIRE COUNTY COUNCIL","18,950,000.00","","","PERSIMMON HOMES LIMITED","https://www.sell2wales.gov.wales/search/show/search_view.aspx?ID=FEB388025"
"08/02/2022","Provision Of A Contract For Health And Accident Insurance For The Erasmus Mundus Programme","UNIVERSITY OF GLASGOW","","","","AMERICAN INTERNATIONAL GROUP UK LIMITED","https://www.find-tender.service.gov.uk/Notice/003576-2022"
"07/02/2022","North East Essex Primary Care Network Estate Strategies","ATTAIN","176,072.00","08/02/2022 12:00 AM","31/08/2022 12:00 AM","WSP UK LIMITED","https://www.contractsfinder.service.gov.uk/Notice/72262132-9239-4581-93f4-e97702028ffe"
"03/02/2022","Immersive Workspace","MINISTRY OF DEFENCE","300,000.00","","","IGLOO VISION LTD","https://www.sell2wales.gov.wales/search/show/search_view.aspx?ID=FEB387421"
"01/02/2022","Erasmus+ and ESC Residual Services and Temporary Worker Visa Sponsorship Services (Tier 5)","DEPARTMENT FOR EDUCATION","","","","BRITISH COUNCIL","https://www.find-tender.service.gov.uk/Notice/002904-2022"
"01/02/2022","Erasmus+ and ESC Residual Services and Temporary Worker Visa Sponsorship Services (Tier 5)","DEPARTMENT FOR EDUCATION","","","","ECORYS UK LIMITED","https://www.find-tender.service.gov.uk/Notice/002904-2022"
"01/02/2022","WP3677 Fire Protection Service and Maintenance Contract - AWARD","WALSALL COUNCIL E-TENDERING","0.00","01/06/2021 12:00 AM","31/05/2024 12:00 AM","KESTREL ELECTRICAL SYSTEMS","https://www.contractsfinder.service.gov.uk/Notice/7700dfef-ed6e-41ce-aede-a68b67a2c7d0"
"31/01/2022","Wi-Fi Managed Service at GP Surgeries across Mid and South Essex","ATTAIN","615,720.00","11/03/2022 12:00 AM","10/03/2027 12:00 AM","BRITISH TELECOMMUNICATIONS PLC","https://www.contractsfinder.service.gov.uk/Notice/b6d1c4d8-9217-481d-b296-a2d50afc2f78"
"31/01/2022","EU Analyst (SEO) - EU Exit Incident Response","DHSC","11,396.04","27/03/2021 12:00 AM","30/04/2021 12:00 AM","HAYS SPECIALIST RECRUITMENT LIMITED","https://www.contractsfinder.service.gov.uk/Notice/7b256ba5-4847-40f8-a9af-4b7066e8f644"
"31/01/2022","Support for EU Exit Incident Response","DHSC","8,921.70","27/03/2021 12:00 AM","30/04/2021 12:00 AM","HAYS SPECIALIST RECRUITMENT LIMITED","https://www.contractsfinder.service.gov.uk/Notice/68b9721f-953b-4267-818e-0d28f7db5da5"
"31/01/2022","Concept FTA Switzerland","FOREIGN COMMONWEALTH AND DEVELOPMENT OFFICE","36,000.00","31/01/2022 12:00 AM","31/03/2022 12:00 AM","THE UNIVERSITY OF BERN ACTING TROUGH THE WORLD TRADE INSTITUTE","https://www.contractsfinder.service.gov.uk/Notice/da43b596-b391-4b03-a5ac-bc31400a0d28"
"28/01/2022","Telephony Service Voice Artist","H M REVENUE & CUSTOMS","120,000.00","01/02/2022 12:00 AM","01/02/2025 12:00 AM","MAZARU LIMITED","https://www.contractsfinder.service.gov.uk/Notice/9e5e90b0-6900-4559-8ec5-6d803b6ed45d"
"24/01/2022","Mask Aligner","CARDIFF UNIVERSITY","268,195.00","","","INSETO UK LTD","https://ted.europa.eu/udl?uri=TED:NOTICE:039584-2022:TEXT:EN:HTML"
"17/01/2022","Building the Evidence Base on Trade Agreements and Environmental Outcomes","DEFRA NETWORK ETENDERING PORTAL","67,916.00","17/01/2022 12:00 AM","31/03/2022 12:00 AM","DAI GLOBAL UK LTD","https://www.contractsfinder.service.gov.uk/Notice/424a08e6-07df-4b1d-9d26-4d9f2798179a"
"14/01/2022","Occupational Health Services in Suffolk and North Essex Integrated Care System and Hertfordshire and West Essex Integrated Care System","ATTAIN","32,000.00","24/01/2022 12:00 AM","02/12/2022 12:00 AM","ANDREW GILBEY","https://www.contractsfinder.service.gov.uk/Notice/b3faff82-68c4-4ecb-8161-9f0f9ca04f0b"
"12/01/2022","FS430936 FSA and Official Controls: Research with food business operators","THE FOOD STANDARDS AGENCY","","01/04/2022 12:00 AM","","","https://food.bravosolution.co.uk/esop/toolkit/opportunity/past/53197/detail.si"
"06/01/2022","BLMK ICS Digital Strategy","ATTAIN HEALTH MANAGEMENT SERVICES LTD","65,625.00","31/01/2022 12:00 AM","31/01/2023 12:00 AM","AGILISYS LTD","https://www.contractsfinder.service.gov.uk/Notice/cb0841cf-3d99-43e2-958d-73d33b589f02"
"06/01/2022","Lot 1 - Erasmus+ and European Solidarity Corps (ESC) Residual Activity Services (Con_12882)","DEPARTMENT FOR EDUCATION","9,953,486.00","01/04/2022 12:00 AM","31/03/2025 12:00 AM","BRITISH COUNCIL","https://www.contractsfinder.service.gov.uk/Notice/b2063ee0-8a57-4ce2-84a7-a93c9c90e869"
"01/01/2022","Understanding Long-Term Business Adaptations and Opportunities Realisation for Defra Business Stakeholders","DEFRA NETWORK ETENDERING PORTAL","","14/03/2022 12:00 AM","14/03/2023 12:00 AM","","https://defra.bravosolution.co.uk/esop/toolkit/opportunity/past/53145/detail.si"
"22/12/2021","Community and Acute Beds and Mattresses for Mid Essex, Basildon and Brentwood, Thurrock and North East Essex Clinical Commissioning Groups","ATTAIN","5,808,488.00","01/04/2022 12:00 AM","31/03/2027 12:00 AM","TALLEY GROUP LIMITED","https://www.contractsfinder.service.gov.uk/Notice/93492520-0426-4935-82d3-78aeed0d3d1c"
"22/12/2021","Community and Acute Beds and Mattresses Services for Mid Essex, Basildon and Brentwood, Thurrock and North East Essex Clinical Commissioning Groups","ATTAIN","26,053,301.00","01/04/2022 12:00 AM","31/03/2027 12:00 AM","TALLEY GROUP LIMITED","https://www.contractsfinder.service.gov.uk/Notice/be86be36-913b-4114-bdab-de4a68490f3e"
"22/12/2021","CHC/647 - Procurement of a TIESE (Troop Insertion and Extraction System Equipment) Support Contract for Chinook","MINISTRY OF DEFENCE","413,100.00","","","IRVING GQ","https://www.sell2wales.gov.wales/search/show/search_view.aspx?ID=DEC383409"
"21/12/2021","CHC/647 - Procurement of a TIESE (Troop Insertion and Extraction System Equipment) Support Contract for Chinook","MINISTRY OF DEFENCE","","","","IRVING GQ","https://www.find-tender.service.gov.uk/Notice/031973-2021"
"21/12/2021","Heart of Greenstead Project - Relocation of Hawthorn Surgery (Business Case Development)","ATTAIN","33,485.00","21/12/2021 12:00 AM","30/09/2022 12:00 AM","WSP UK LIMITED","https://www.contractsfinder.service.gov.uk/Notice/7fb7bcea-fc00-48a8-873a-5b0a3c467251"
"21/12/2021","University of Essex Branch Practice (Rowhedge) Relocation (Business Case Development)","ATTAIN","30,000.00","21/12/2021 12:00 AM","31/03/2022 12:00 AM","WSP UK LIMITED","https://www.contractsfinder.service.gov.uk/Notice/a8180a5e-5c9e-4353-915c-f4df66ccbb73"
"17/12/2021","Evaluation of the Transition to UK REACH","DEFRA NETWORK ETENDERING PORTAL","80,125.00","17/12/2021 12:00 AM","30/09/2022 12:00 AM","RISK & POLICY ANALYSTS","https://www.contractsfinder.service.gov.uk/Notice/54a40cc5-9d4b-42b7-86a1-b98a4d670af2"
"30/11/2021","NBCSSJ Continuation Services","MINISTRY OF DEFENCE","","","","ABBOTT RISK CONSULTING LIMITED","https://www.find-tender.service.gov.uk/Notice/029754-2021"
"30/11/2021","Legal services in relation to the UK-India FTA","DEPARTMENT FOR INTERNATIONAL TRADE","5,000,000.00","06/12/2021 12:00 AM","06/12/2025 12:00 AM","TLT LLP","https://www.contractsfinder.service.gov.uk/Notice/4a53a36a-e479-45bc-8ba7-5862463883bf"
"29/11/2021","Interim and Final Summative Assessment for the Flood Innovation Centre project","UNIVERSITY OF HULL","22,295.00","29/11/2021 12:00 AM","15/04/2023 12:00 AM","APPLIED MANAGEMENT TECHNIQUES LTD","https://www.contractsfinder.service.gov.uk/Notice/f58672e6-88f8-44d4-96b2-e9e329a9217e"
"18/11/2021","Routine Elective Care Procedures - Suffolk and North East Essex","ATTAIN","958,124.00","01/04/2022 12:00 AM","31/03/2024 12:00 AM","RAMSAY HEALTH CARE UK  OPERATIONS LIMITED (NVC15) SPRINGFIELD HO","https://www.contractsfinder.service.gov.uk/Notice/49cd5dfc-bcb8-4a4a-b4bf-100b1e3f6299"
"11/11/2021","UK-ROK Digital Market Access Research Project","FOREIGN, COMMONWEALTH AND DEVELOPMENT OFFICE","39,650.00","15/11/2021 12:00 AM","18/03/2022 12:00 AM","LSE ENTERPRISE LTD","https://www.contractsfinder.service.gov.uk/Notice/b8e0f56b-0a97-455f-98ca-6ab5e3d37132"
"26/10/2021","Evaluation of the Transition to UK REACH","DEFRA NETWORK ETENDERING PORTAL","","17/12/2021 12:00 AM","17/07/2022 12:00 AM","","https://defra.bravosolution.co.uk/esop/toolkit/opportunity/past/52608/detail.si"
"26/10/2021","Provision of Prototype Low Cost Laser Detector Systems (LCLDs)","MINISTRY OF DEFENCE","","","","SENTINEL PHOTONICS LIMITED","https://www.find-tender.service.gov.uk/Notice/026850-2021"
"26/10/2021","CHC/645 Flat Panel Trainer","MINISTRY OF DEFENCE","","","","THALES UK LIMITED","https://www.find-tender.service.gov.uk/Notice/026841-2021"
"18/10/2021","664_21 Consultancy Services","ESPO","100,000,000.00","","","2020 CONSULTANCY SOLUTIONS LTD","https://ted.europa.eu/udl?uri=TED:NOTICE:528967-2021:TEXT:EN:HTML"
"18/10/2021","664_21 Consultancy Services","ESPO","100,000,000.00","","","MAZARS LLP","https://ted.europa.eu/udl?uri=TED:NOTICE:528967-2021:TEXT:EN:HTML"
"14/10/2021","Provision of Prototype Laser Detector Systems (LCLDs)","DEFENCE SCIENCE AND TECHNOLOGY LABORATORY","2,000,000.00","14/10/2021 12:00 AM","31/03/2024 12:00 AM","SENTINEL PHOTONICS LIMITED","https://www.contractsfinder.service.gov.uk/Notice/b23b1057-6f00-47f6-828f-ce1aaabb7854"
"08/10/2021","Contract Award Notice: International Mobility 2021-2025 Audit Services","DEPARTMENT FOR EDUCATION","153,000.00","08/10/2021 12:00 AM","07/10/2025 12:00 AM","BDO LLP","https://www.contractsfinder.service.gov.uk/Notice/112ec302-5350-41bb-9e60-5941486ab462"
"01/10/2021","COPD and Asthma Diagnostic Service for NHS Thurrock CCG","ATTAIN","44,884.00","01/11/2021 12:00 AM","31/05/2022 12:00 AM","THURROCK HEALTH HUBS","https://www.contractsfinder.service.gov.uk/Notice/ba5614bf-8e37-4140-a46a-5886a7393504"
"23/09/2021","Hospital Ambulance Liaison Officer (HALO) Services","ATTAIN","156,627.00","01/10/2021 12:00 AM","31/03/2022 12:00 AM","EAST OF ENGLAND AMBULANCE SERVICE NHS TRUST","https://www.contractsfinder.service.gov.uk/Notice/b4192602-6e02-47ba-8cce-e948fba888d8"
"15/09/2021","Provision of Prototype Low Cost Laser Detector Systems (LCLDs)","MINISTRY OF DEFENCE","2,000,000.00","","","SENTINEL PHOTONICS LIMITED","https://www.sell2wales.gov.wales/search/show/search_view.aspx?ID=SEP373246"
"13/09/2021","Provision of Prototype Low Cost Laser Detector Systems (LCLDs)","MINISTRY OF DEFENCE","","","","SENTINEL PHOTONICS LIMITED","https://www.find-tender.service.gov.uk/Notice/022733-2021"
"01/09/2021","Lancashire Peer Network Delivery Services","LANCASHIRE COUNTY COUNCIL","","","","NORTH WEST AEROSPACE ALLIANCE","https://www.find-tender.service.gov.uk/Notice/021562-2021"
"01/09/2021","Lancashire Peer Network Delivery Services","LANCASHIRE COUNTY COUNCIL","","","","ESSENTIALISE IMPERATIVE SOLUTIONS","https://www.find-tender.service.gov.uk/Notice/021562-2021"
"01/09/2021","Lancashire Peer Network Delivery Services","LANCASHIRE COUNTY COUNCIL","","","","WINNING PITCH TRADING LIMITED","https://www.find-tender.service.gov.uk/Notice/021562-2021"
"01/09/2021","Lancashire Peer Network Delivery Services","LANCASHIRE COUNTY COUNCIL","","","","VEDAS RECRUITMENT & TRAINING LIMITED","https://www.find-tender.service.gov.uk/Notice/021562-2021"
"01/09/2021","Lancashire Peer Network Delivery Services","LANCASHIRE COUNTY COUNCIL","","","","THE GROWING CLUB CIC","https://www.find-tender.service.gov.uk/Notice/021562-2021"
"01/09/2021","Lancashire Peer Network Delivery Services","LANCASHIRE COUNTY COUNCIL","","","","IBD BUSINESS ADVICE GROUP LTD","https://www.find-tender.service.gov.uk/Notice/021562-2021"
"01/09/2021","Lancashire Peer Network Delivery Services","LANCASHIRE COUNTY COUNCIL","","","","ELEMENTAS","https://www.find-tender.service.gov.uk/Notice/021562-2021"
"01/09/2021","Lancashire Peer Network Delivery Services","LANCASHIRE COUNTY COUNCIL","","","","BIZ SMARTS LTD","https://www.find-tender.service.gov.uk/Notice/021562-2021"
"01/09/2021","Lancashire Peer Network Delivery Services","LANCASHIRE COUNTY COUNCIL","","","","NORTHERN AUTOMOTIVE ALLIANCE","https://www.find-tender.service.gov.uk/Notice/021562-2021"
"01/09/2021","Lancashire Peer Network Delivery Services","LANCASHIRE COUNTY COUNCIL","","","","EVENTS FIRST LTD T/A NORTHERN POWER WOMEN","https://www.find-tender.service.gov.uk/Notice/021562-2021"
"01/09/2021","Lancashire Peer Network Delivery Services","LANCASHIRE COUNTY COUNCIL","","","","SCALE-ABILITY LTD","https://www.find-tender.service.gov.uk/Notice/021562-2021"
"01/09/2021","Lancashire Peer Network Delivery Services","LANCASHIRE COUNTY COUNCIL","","","","GROWTH LANCASHIRE LTD","https://www.find-tender.service.gov.uk/Notice/021562-2021"
"01/09/2021","Lancashire Peer Network Delivery Services","LANCASHIRE COUNTY COUNCIL","","","","ASESORIA GROUP LIMITED","https://www.find-tender.service.gov.uk/Notice/021562-2021"
"01/09/2021","Lancashire Peer Network Delivery Services","LANCASHIRE COUNTY COUNCIL","","","","SHOUT NETWORK LIMITED","https://www.find-tender.service.gov.uk/Notice/021562-2021"
"01/09/2021","Lancashire Peer Network Delivery Services","LANCASHIRE COUNTY COUNCIL","","","","COMMUNITY & BUSINESS PARTNERS CIC","https://www.find-tender.service.gov.uk/Notice/021562-2021"
"01/09/2021","Lancashire Peer Network Delivery Services","LANCASHIRE COUNTY COUNCIL","","","","NORTH & WESTERN LANCASHIRE CHAMBER OF COMMERCE","https://www.find-tender.service.gov.uk/Notice/021562-2021"
"01/09/2021","Lancashire Peer Network Delivery Services","LANCASHIRE COUNTY COUNCIL","","","","MARKETING LANCASHIRE LTD","https://www.find-tender.service.gov.uk/Notice/021562-2021"
"01/09/2021","Lancashire Peer Network Delivery Services","LANCASHIRE COUNTY COUNCIL","","","","BUSINESS INFORMATION GROUP LTD","https://www.find-tender.service.gov.uk/Notice/021562-2021"
"26/08/2021","IMC Healthcare Planners for NHS Thurrock CCG","ATTAIN","37,400.00","01/09/2021 12:00 AM","01/12/2021 12:00 AM","CURRIE & BROWN HOLDINGS LIMITED","https://www.contractsfinder.service.gov.uk/Notice/79977d36-94f5-49d4-a1f7-3d24d1d34edd"
"20/08/2021","FX Advisory Services","HS2","76,333.00","01/09/2021 12:00 AM","31/05/2022 12:00 AM","DELOITTE LLP","https://www.contractsfinder.service.gov.uk/Notice/aec8ca96-a9f2-45c6-be6b-937714d11154"
"10/08/2021","LPS CAS - Peer Network Support - RFQ 15285018","LANCASHIRE COUNTY COUNCIL","820,148.40","01/09/2021 12:00 AM","31/03/2022 12:00 AM","ASESORIA GROUP LIMITED","https://www.contractsfinder.service.gov.uk/Notice/fb4b1c8f-e164-4632-bded-a47bca0a3419"
"10/08/2021","CYP Specialist Emotional Health & Wellbeing Service","ATTAIN","161,643.00","01/11/2021 12:00 AM","31/07/2022 12:00 AM","KIDS INSPIRE","https://www.contractsfinder.service.gov.uk/Notice/3c5d0da7-5058-4cb6-8244-3db9fd2f91b5"
"29/07/2021","Framework Agreement for a Single Multi-trade Principal Contractor (Maintenance, minor works & refurbishments projects)","UNIVERSITY OF STIRLING","","","","MARSHALL CONSTRUCTION LIMITED","https://www.find-tender.service.gov.uk/Notice/018126-2021"
"29/07/2021","BLMK ""PHB/CCC/CHC/s117 Digital Replacement System""","ATTAIN HEALTH MANAGEMENT SERVICES LTD","452,000.00","01/04/2022 12:00 AM","31/03/2024 12:00 AM","CARE BANKING","https://www.contractsfinder.service.gov.uk/Notice/5b9eaf30-5593-4215-931d-a214464a442b"
"20/07/2021","DHSC ORC Surge Support Temp Crip Lead","DEPARTMENT OF HEALTH AND SOCIAL CARE","25,989.30","21/12/2020 12:00 AM","26/03/2021 12:00 AM","HAYS SPECIALIST RECRUITMENT LIMITED","https://www.contractsfinder.service.gov.uk/Notice/fdfc8858-3ec1-4c6a-9932-285cfe193cd1"
"20/07/2021","DHSC ORC Surge Support Temp Crip Lead","DEPARTMENT OF HEALTH AND SOCIAL CARE","25,989.30","21/12/2020 12:00 AM","26/03/2021 12:00 AM","HAYS SPECIALIST RECRUITMENT LIMITED","https://www.contractsfinder.service.gov.uk/Notice/f0d3a626-4561-4075-9138-223f13669874"
"20/07/2021","BSH/HGW/ Planters for Bristol Streetspace programme","BRISTOL CITY COUNCIL","11,594.00","02/08/2021 12:00 AM","31/08/2021 12:00 AM","TAYLOR MADE PLANTERS LTD","https://www.contractsfinder.service.gov.uk/Notice/5e94ca0b-a6d6-4f91-9d34-642b35ca8e9d"
"14/07/2021","Computable General Equilibrium (CGE) Analysis of a UK-Mercosur Free Trade Agreement (FTA)","DEPARTMENT FOR INTERNATIONAL TRADE","68,000.00","14/07/2021 12:00 AM","15/10/2021 12:00 AM","CENTRE FOR ECONOMIC POLICY RESEARCH","https://www.contractsfinder.service.gov.uk/Notice/41af2d68-f23f-4d61-951a-30bff68b90a7"
"30/06/2021","Hospital Ambulance Liaison Officer (HALO) Services","ATTAIN","81,154.00","01/07/2021 12:00 AM","30/09/2021 12:00 AM","EAST OF ENGLAND AMBULANCE SERVICE NHS TRUST","https://www.contractsfinder.service.gov.uk/Notice/0c65d5a4-b4dc-4ebb-b9f2-71cf3c0277a1"
"30/06/2021","Clinical Decision Support Tool for South East London CCG - Procurement","ATTAIN HEALTH MANAGEMENT SERVICES LTD","500,000.00","02/08/2021 12:00 AM","01/08/2022 12:00 AM","ARDEN'S HEALTH INFORMATICS LIMITED","https://www.contractsfinder.service.gov.uk/Notice/3e6199e9-11ac-4d26-a1c8-3236739eb861"
"24/06/2021","UnITy and EU Exit Legal Support Services","DEFRA NETWORK ETENDERING PORTAL","250,000.00","30/06/2021 12:00 AM","29/06/2023 12:00 AM","DLA PIPER","https://www.contractsfinder.service.gov.uk/Notice/1a510a83-d632-4e5c-b997-1bdfdd2b2c41"
"14/06/2021","GEN_20_28 The Provision of Legal Services: Constitutional and Public Law and Local Public Audit Law","NATIONAL AUDIT OFFICE","1,510,000.00","","","BDB PITMANS","https://ted.europa.eu/udl?uri=TED:NOTICE:298334-2021:TEXT:EN:HTML"
"14/06/2021","GEN_20_28 The Provision of Legal Services: Constitutional and Public Law and Local Public Audit Law","NATIONAL AUDIT OFFICE","345,000.00","","","BATES WELLS","https://ted.europa.eu/udl?uri=TED:NOTICE:298334-2021:TEXT:EN:HTML"
"04/06/2021","Peer Networks – Cohort Delivery Framework","GM BUSINESS SUPPORT LTD","1,200,000.00","","","OSTRO FAYRE SHARE FOUNDATION","https://ted.europa.eu/udl?uri=TED:NOTICE:283529-2021:TEXT:EN:HTML"
"03/06/2021","Spirometry Competency Service","ATTAIN","52,000.00","28/06/2021 12:00 AM","24/06/2022 12:00 AM","RANWORTH SURGERY","https://www.contractsfinder.service.gov.uk/Notice/fd445bb5-9497-4747-b791-8700c25aeff1"
"28/05/2021","Contract for State of the Nation Notes","SOCIAL MOBILITY COMMISSION","22,000.00","28/05/2021 12:00 AM","30/06/2022 12:00 AM","THE UNIVERSITY OF WOLVERHAMPTON","https://www.contractsfinder.service.gov.uk/Notice/c1a9c2a6-37e8-44e9-bbc1-515d3a481c25"
"27/05/2021","Consultancy provision to implement telehealth equipment in care homes supporting remote care initiatives across mid and south Essex","ATTAIN","105,000.00","10/05/2021 12:00 AM","09/07/2021 12:00 AM","SEYMOUR JOHN SOLUTIONS DESIGN","https://www.contractsfinder.service.gov.uk/Notice/e3da02a4-09ad-412b-8bd9-adc99ba3a7f8"
"24/05/2021","Caged Lockers IBF North Weald and Birmingham","H M REVENUE & CUSTOMS","34,181.00","27/05/2021 12:00 AM","27/11/2021 12:00 AM","FLEXIFORM BUSINESS FURNITURE LIMITED","https://www.contractsfinder.service.gov.uk/Notice/9d9d2aa9-e469-447d-bcbb-718d89c552f8"
"21/05/2021","User Panel Platform - Licenses","H M REVENUE & CUSTOMS","6,240.00","21/05/2021 12:00 AM","20/05/2022 12:00 AM","PROVIDENT CRM LTD","https://www.contractsfinder.service.gov.uk/Notice/f0b2c39c-27c7-48fa-acaa-96a70914bf0b"
"21/05/2021","User Panel Platform - Hosting","H M REVENUE & CUSTOMS","2,400.00","21/05/2021 12:00 AM","22/05/2022 12:00 AM","SQUIZ UK LIMITED","https://www.contractsfinder.service.gov.uk/Notice/6ce0fe88-cfb0-42b4-8bba-a451e90674b1"
"18/05/2021","Tees Valley Post EU Transition Support Programme","TEES VALLEY COMBINED AUTHORITY","119,640.00","23/05/2021 12:00 AM","31/03/2022 12:00 AM","THE FUNDING FORUM LIMITED","https://www.contractsfinder.service.gov.uk/Notice/42bac4be-2db4-4ee6-98d4-baeb8e12fd4d"
"11/05/2021","C2541 PIF Truck Park","LONDON GATEWAY PORT LIMITED","","","","WHITEMOUNTAIN QUARRIES LTD","https://www.find-tender.service.gov.uk/Notice/010335-2021"
"10/05/2021","The Supply, Delivery, Installation and Maintenance of a High Resolution Mass Spectrometry (MS) System for Proteomics, Metabolomics and MS Imaging, Applied to Drug Discovery","MEDICINES DISCOVERY CATAPULT","650,000.00","","","THERMO ELECTRON MANUFACTURING LTD T/A THERMO FISHER SCIENTIFIC","https://ted.europa.eu/udl?uri=TED:NOTICE:234518-2021:TEXT:EN:HTML"
"10/05/2021","The Supply, Delivery, Installation and Maintenance of a Positron Emission Tomography Imaging System","MEDICINES DISCOVERY CATAPULT","500,000.00","","","SOUTHERN SCIENTIFIC LTD","https://ted.europa.eu/udl?uri=TED:NOTICE:234519-2021:TEXT:EN:HTML"
"05/05/2021","The Supply, Delivery, Installation and Maintenance of a Positron Emission Tomography Imaging System","MEDICINES DISCOVERY CATAPULT","","","","SOUTHERN SCIENTIFIC LTD.","https://www.find-tender.service.gov.uk/Notice/009721-2021"
"05/05/2021","The Supply, Delivery, Installation and Maintenance of a High Resolution Mass Spectrometry (MS) System for Proteomics, Metabolomics and MS Imaging, Applied to Drug Discovery.","MEDICINES DISCOVERY CATAPULT","","","","THERMO ELECTRON MANUFACTURING LIMITED  T/A THERMO FISHER SCIENTIFIC","https://www.find-tender.service.gov.uk/Notice/009717-2021"
"28/04/2021","Business Growth Methodology: The GC Way","THE BUSINESS GROWTH HUB LIMITED","100,000.00","01/05/2021 12:00 AM","31/12/2021 12:00 AM","GROWTHMESH","https://www.contractsfinder.service.gov.uk/Notice/e86b82f2-ad18-478f-9eba-3a3ad20aaa33"
"23/04/2021","BLMK ICS Data Strategy","ATTAIN HEALTH MANAGEMENT SERVICES LTD","75,250.00","04/05/2021 12:00 AM","27/07/2021 12:00 AM","AGILISYS LIMITED","https://www.contractsfinder.service.gov.uk/Notice/9a4007f6-ace0-4af4-a401-951f3b11540f"
"20/04/2021","Strategic Service Management consultancy for mid and south Essex CCGs","ATTAIN","45,174.00","26/04/2021 12:00 AM","25/10/2021 12:00 AM","SEYMOUR JOHN SOLUTIONS DESIGN","https://www.contractsfinder.service.gov.uk/Notice/c5eb5824-663b-42ed-9ec6-94e45906232c"
"01/04/2021","Community Paediatric Nutrition Prescribing Support Dietitian (PSD) Service for mid and south Essex","ATTAIN","565,584.00","01/04/2021 12:00 AM","31/03/2023 12:00 AM","OVIVA UK LIMITED","https://www.contractsfinder.service.gov.uk/Notice/a783a343-f2f6-4fb7-acff-18310794137b"
"01/04/2021","Senior Delivery Advisor","DEFRA NETWORK ETENDERING PORTAL","119,145.00","01/04/2021 12:00 AM","30/09/2021 12:00 AM","ALLEN LANE LIMITED","https://www.contractsfinder.service.gov.uk/Notice/4658aae6-65c5-4046-8164-65e37fd70806"
"22/03/2021","The Supply, Delivery, Installation and Maintenance of a Positron Emission Tomography Imaging System","MEDICINES DISCOVERY CATAPULT","500,000.00","31/03/2021 12:00 AM","30/03/2025 12:00 AM","SOUTHERN SCIENTIFIC LIMITED","https://www.contractsfinder.service.gov.uk/Notice/bd1a4d42-1696-4eef-8519-6a6ea11a58a7"
"19/03/2021","EU Transitions Border Programme Ebbsfleet/Ashford/ Northweald Pickerings Hire","H M REVENUE & CUSTOMS","46,626.00","19/03/2021 12:00 AM","01/05/2022 12:00 AM","PICKERINGS HIRE LIMITED","https://www.contractsfinder.service.gov.uk/Notice/5757b656-2fe4-48e2-93fd-689ccd8c254e"
"19/03/2021","Reminiscence Interactive Therapy Activity devices for care homes in mid and south Essex","ATTAIN","126,360.00","22/03/2021 12:00 AM","21/03/2024 12:00 AM","MY IMPROVEMENT NETWORK LIMITED","https://www.contractsfinder.service.gov.uk/Notice/9250de74-325a-4d2f-85d2-dfe1cb191961"
"18/03/2021","Children and Young People's Neurodevelopmental Care Pathway Coordination","ATTAIN","540,264.00","01/04/2021 12:00 AM","31/03/2023 12:00 AM","VIRGIN CARE SERVICES LIMITED","https://www.contractsfinder.service.gov.uk/Notice/c357a018-c6ba-4084-9e2b-62a6561a0b29"
"16/03/2021","Provision of Internal Audit and Counter Fraud Services","ATTAIN HEALTH MANAGEMENT SERVICES LTD","267,900.00","01/04/2021 12:00 AM","31/03/2023 12:00 AM","BDO LLP","https://www.contractsfinder.service.gov.uk/Notice/8fc3873a-98ac-4fd1-8b2d-bf085d448b71"
"14/03/2021","Care home activity tables for patients with dementia in mid and south Essex","ATTAIN","180,000.00","22/03/2021 12:00 AM","21/03/2022 12:00 AM","THE DIGITAL RAINBOW LIMITED","https://www.contractsfinder.service.gov.uk/Notice/204f3dbb-31b8-485d-a537-b958804b40ff"
"11/03/2021","Exercise bikes and videos for care homes in mid and south Essex","ATTAIN","136,008.00","25/03/2021 12:00 AM","24/03/2023 12:00 AM","MOTITECH UK LTD","https://www.contractsfinder.service.gov.uk/Notice/38613e16-b939-4b55-b7eb-3d1a58dcc645"
"11/03/2021","Electrocardiogram (ECG) recorder devices for community and long term condition teams in mid and south Essex","ATTAIN","186,300.00","30/03/2021 12:00 AM","29/03/2022 12:00 AM","ALIVECOR LIMITED","https://www.contractsfinder.service.gov.uk/Notice/3be55eb9-266e-4dd5-8a17-7a858a31f11d"
"04/03/2021","Project Support Officer","DEFRA NETWORK ETENDERING PORTAL","27,600.00","04/03/2021 12:00 AM","09/06/2021 12:00 AM","BADENOCH & CLARK","https://www.contractsfinder.service.gov.uk/Notice/c766fd53-6d77-4911-a295-ed6680bad759"
"02/03/2021","Colchester and Clacton Crisis Cafe Service","ATTAIN","1,134,000.00","01/04/2021 12:00 AM","31/03/2024 12:00 AM","MID AND NORTH EAST ESSEX MIND","https://www.contractsfinder.service.gov.uk/Notice/4c9b6d09-7527-4c6b-b450-d88326c706fe"
"26/02/2021","Hydration kit for care homes in mid and south Essex","ATTAIN","28,938.00","22/03/2021 12:00 AM","21/04/2021 12:00 AM","SPEARMARK HEALTH LTD","https://www.contractsfinder.service.gov.uk/Notice/9e8939cf-8e4b-41c6-b558-04139afb087f"
"25/02/2021","Community Lymphoedema - North East Essex","ATTAIN","62,775.00","01/04/2021 12:00 AM","30/06/2021 12:00 AM","ANGLIAN COMMUNITY ENTERPRISE (ACE)","https://www.contractsfinder.service.gov.uk/Notice/091215cd-c75e-43af-8f44-909e4b83df88"
"25/02/2021","Interactive pets for patients with dementia in mid and south Essex care homes","ATTAIN","61,636.00","22/03/2021 12:00 AM","21/04/2021 12:00 AM","ALZ STORE UK LTD","https://www.contractsfinder.service.gov.uk/Notice/5975e1ef-4bdd-4c6e-b387-489e7c3a8ef2"
"25/02/2021","Hospital Ambulance Liaison Officer (HALO) Services","ATTAIN","80,750.00","01/04/2021 12:00 AM","30/06/2021 12:00 AM","EAST OF ENGLAND AMBULANCE SERVICE NHS TRUST","https://www.contractsfinder.service.gov.uk/Notice/67dc9762-0093-4f6a-8cdd-bd878374098c"
"23/02/2021","Learning & Development Executive Coaching","ESSEX COUNTY COUNCIL","250,000.00","01/03/2021 12:00 AM","28/02/2023 12:00 AM","GATENBYSANDERSON LIMITED","https://www.contractsfinder.service.gov.uk/Notice/9212ee46-7628-4367-8b14-3ecf84e3a7c4"
"23/02/2021","North East Essex Integrated Community Services","ATTAIN","440,183,304.00","01/07/2021 12:00 AM","30/06/2031 12:00 AM","ESSEX PARTNERSHIP UNIVERSITY NHS FOUNDATION TRUST","https://www.contractsfinder.service.gov.uk/Notice/81d6275d-402b-4e98-baf9-08d0318f90a9"
"12/02/2021","Economic Markets Foresight Analysis","NORTH TYNESIDE COUNCIL","","","","","http://ted.europa.eu/udl?uri=TED:NOTICE:075997-2021:TEXT:EN:HTML"
"11/02/2021","Interactive tables for patients with dementia in mid and south Essex care homes","ATTAIN","184,200.00","30/03/2021 12:00 AM","29/03/2023 12:00 AM","SOCIAL-ABILITY LTD","https://www.contractsfinder.service.gov.uk/Notice/8a17df05-b0e4-458c-b553-64468e06bff9"
"08/02/2021","SMS Messaging for Mid and South Essex CCGs","ATTAIN","371,091.96","19/03/2021 12:00 AM","18/03/2023 12:00 AM","BRITISH TELECOMMUNICATIONS PLC","https://www.contractsfinder.service.gov.uk/Notice/4ce40020-8de1-4e26-9b9b-f3e8239679b5"
"02/02/2021","MOD 14/21 - ID 1458670 - Invest NI - Provision of Drupal Migration and Support Services","INVEST NORTHERN IRELAND","","","","NEUEDA LTD","https://www.find-tender.service.gov.uk/Notice/002087-2021"
"02/02/2021","MOD 14/21 - ID 1458670 - Invest NI - Provision of Drupal Migration and Support Services","INVEST NORTHERN IRELAND","","","","NEUEDA LTD","https://www.find-tender.service.gov.uk/Notice/002087-2021"
"29/01/2021","Trade Law Panel","CROWN COMMERCIAL SERVICE","70,000,000.00","","","CLIFFORD CHANCE LLP","http://ted.europa.eu/udl?uri=TED:NOTICE:048674-2021:TEXT:EN:HTML"
"29/01/2021","Trade Law Panel","CROWN COMMERCIAL SERVICE","70,000,000.00","","","VAN BAEL & BELLIS","http://ted.europa.eu/udl?uri=TED:NOTICE:048674-2021:TEXT:EN:HTML"
"29/01/2021","Trade Law Panel","CROWN COMMERCIAL SERVICE","70,000,000.00","","","BRYAN CAVE LEIGHTON PAISNER LLP","http://ted.europa.eu/udl?uri=TED:NOTICE:048674-2021:TEXT:EN:HTML"
"29/01/2021","Trade Law Panel","CROWN COMMERCIAL SERVICE","70,000,000.00","","","TLT LLP","http://ted.europa.eu/udl?uri=TED:NOTICE:048674-2021:TEXT:EN:HTML"
"29/01/2021","Trade Law Panel","CROWN COMMERCIAL SERVICE","70,000,000.00","","","FIELDFISHER LLP","http://ted.europa.eu/udl?uri=TED:NOTICE:048674-2021:TEXT:EN:HTML"
"29/01/2021","Trade Law Panel","CROWN COMMERCIAL SERVICE","45,000,000.00","","","SIDLEY AUSTIN (CE) LLP","http://ted.europa.eu/udl?uri=TED:NOTICE:048674-2021:TEXT:EN:HTML"
"29/01/2021","Trade Law Panel","CROWN COMMERCIAL SERVICE","45,000,000.00","","","FIELDFISHER LLP","http://ted.europa.eu/udl?uri=TED:NOTICE:048674-2021:TEXT:EN:HTML"
"29/01/2021","Trade Law Panel","CROWN COMMERCIAL SERVICE","70,000,000.00","","","BAKER & MCKENZIE LLP","http://ted.europa.eu/udl?uri=TED:NOTICE:048674-2021:TEXT:EN:HTML"
"29/01/2021","Trade Law Panel","CROWN COMMERCIAL SERVICE","70,000,000.00","","","FRESHFIELDS BRUCKHAUS DERINGER LLP","http://ted.europa.eu/udl?uri=TED:NOTICE:048674-2021:TEXT:EN:HTML"
"29/01/2021","Trade Law Panel","CROWN COMMERCIAL SERVICE","45,000,000.00","","","BRYAN CAVE LEIGHTON PAISNER LLP","http://ted.europa.eu/udl?uri=TED:NOTICE:048674-2021:TEXT:EN:HTML"
"29/01/2021","Trade Law Panel","CROWN COMMERCIAL SERVICE","45,000,000.00","","","TLT LLP","http://ted.europa.eu/udl?uri=TED:NOTICE:048674-2021:TEXT:EN:HTML"
"29/01/2021","Trade Law Panel","CROWN COMMERCIAL SERVICE","70,000,000.00","","","LINKLATERS LLP","http://ted.europa.eu/udl?uri=TED:NOTICE:048674-2021:TEXT:EN:HTML"
"29/01/2021","Trade Law Panel","CROWN COMMERCIAL SERVICE","45,000,000.00","","","DLA PIPER UK LLP","http://ted.europa.eu/udl?uri=TED:NOTICE:048674-2021:TEXT:EN:HTML"
"29/01/2021","Trade Law Panel","CROWN COMMERCIAL SERVICE","70,000,000.00","","","WHITE & CASE LLP","http://ted.europa.eu/udl?uri=TED:NOTICE:048674-2021:TEXT:EN:HTML"
"29/01/2021","Trade Law Panel","CROWN COMMERCIAL SERVICE","45,000,000.00","","","DENTONS UK AND MIDDLE EAST LLP","http://ted.europa.eu/udl?uri=TED:NOTICE:048674-2021:TEXT:EN:HTML"
"29/01/2021","Trade Law Panel","CROWN COMMERCIAL SERVICE","45,000,000.00","","","BURGES SALMON LLP","http://ted.europa.eu/udl?uri=TED:NOTICE:048674-2021:TEXT:EN:HTML"
"29/01/2021","Trade Law Panel","CROWN COMMERCIAL SERVICE","70,000,000.00","","","PINSENT MASONS LLP","http://ted.europa.eu/udl?uri=TED:NOTICE:048674-2021:TEXT:EN:HTML"
"29/01/2021","Trade Law Panel","CROWN COMMERCIAL SERVICE","45,000,000.00","","","WILMER CUTLER PICKERING HALE AND DORR LLP","http://ted.europa.eu/udl?uri=TED:NOTICE:048674-2021:TEXT:EN:HTML"
"29/01/2021","Trade Law Panel","CROWN COMMERCIAL SERVICE","45,000,000.00","","","CLIFFORD CHANCE LLP","http://ted.europa.eu/udl?uri=TED:NOTICE:048674-2021:TEXT:EN:HTML"
"29/01/2021","Trade Law Panel","CROWN COMMERCIAL SERVICE","45,000,000.00","","","STEPTOE & JOHNSON UK LLP","http://ted.europa.eu/udl?uri=TED:NOTICE:048674-2021:TEXT:EN:HTML"
"29/01/2021","Trade Law Panel","CROWN COMMERCIAL SERVICE","70,000,000.00","","","STEPTOE & JOHNSON UK LLP","http://ted.europa.eu/udl?uri=TED:NOTICE:048674-2021:TEXT:EN:HTML"
"29/01/2021","Trade Law Panel","CROWN COMMERCIAL SERVICE","70,000,000.00","","","DENTONS UK AND MIDDLE EAST LLP","http://ted.europa.eu/udl?uri=TED:NOTICE:048674-2021:TEXT:EN:HTML"
"29/01/2021","Trade Law Panel","CROWN COMMERCIAL SERVICE","70,000,000.00","","","TEREPOSKY & DEROSE LLP","http://ted.europa.eu/udl?uri=TED:NOTICE:048674-2021:TEXT:EN:HTML"
"29/01/2021","Trade Law Panel","CROWN COMMERCIAL SERVICE","70,000,000.00","","","WILMER CUTLER PICKERING HALE AND DORR LLP","http://ted.europa.eu/udl?uri=TED:NOTICE:048674-2021:TEXT:EN:HTML"
"29/01/2021","Trade Law Panel","CROWN COMMERCIAL SERVICE","70,000,000.00","","","SIDLEY AUSTIN (CE) LLP","http://ted.europa.eu/udl?uri=TED:NOTICE:048674-2021:TEXT:EN:HTML"
"29/01/2021","Trade Law Panel","CROWN COMMERCIAL SERVICE","45,000,000.00","","","ASHURST LLP","http://ted.europa.eu/udl?uri=TED:NOTICE:048674-2021:TEXT:EN:HTML"
"22/01/2021","Project Support Officer","DEFRA NETWORK ETENDERING PORTAL","26,390.00","22/02/2021 12:00 AM","28/05/2021 12:00 AM","BADENOCH & CLARK","https://www.contractsfinder.service.gov.uk/Notice/7f42ce01-2fb7-4db2-9586-8a69ca45b028"
"18/01/2021","Building Liverpool City Region's Freeport Proposition - Consultancy","LIVERPOOL CITY REGION COMBINED AUTHORITY","59,344.00","22/01/2021 12:00 AM","25/02/2021 12:00 AM","AMION CONSULTING LIMITED","https://www.contractsfinder.service.gov.uk/Notice/9437abe4-290c-4310-8c4a-87df62aaa55a"
"11/01/2021","Provision of Data Services","THE BUSINESS GROWTH HUB LIMITED","100,000.00","22/01/2021 12:00 AM","31/12/2021 12:00 AM","DUEDIL LIMITED","https://www.contractsfinder.service.gov.uk/Notice/bb017d78-feff-44c4-8e43-b89b1c893e66"
"06/01/2021","Project Support Officer","DEFRA NETWORK ETENDERING PORTAL","30,900.00","06/01/2021 12:00 AM","31/03/2021 12:00 AM","ALLEN LANE LIMITED","https://www.contractsfinder.service.gov.uk/Notice/d53515cb-30ef-4eeb-adf1-3239f4a792a6"
"03/01/2021","Replacement of Satellite","MCA - MARITIME AND COASTGUARD AGENCY","1,572,467.00","03/01/2021 12:00 AM","01/03/2022 12:00 AM","KONGSBERG NORCONTROL IT LTD","https://www.contractsfinder.service.gov.uk/Notice/2c512562-66db-4ea9-b2f6-58b8566bc632"
"31/12/2020","HotSW - Growth Hub EU Transition Specialist & General Advisors","SOMERSET COUNTY COUNCIL","49,800.00","01/01/2021 12:00 AM","31/03/2021 12:00 AM","DEVON COUNTY COUNCIL","https://www.contractsfinder.service.gov.uk/Notice/291d6483-c1c6-4534-a5f8-5d53cb405d24"
"24/12/2020","DAC 132/20 Portal Industrial Staff — Seal Checks","DEPARTMENT OF AGRICULTURE ENVIRONMENT AND RURAL AFFAIRS NI","236,361.50","","","G4S","http://ted.europa.eu/udl?uri=TED:NOTICE:634359-2020:TEXT:EN:HTML"
"23/12/2020","EU Transition Advice Services","THE BUSINESS GROWTH HUB LIMITED","100,000.00","24/12/2020 12:00 AM","31/03/2021 12:00 AM","KNOW AND DO LIMITED","https://www.contractsfinder.service.gov.uk/Notice/d4d39e66-d546-447f-84e3-3b8d82ca52d4"
"23/12/2020","EU Exit: Advice and support for the assurance of financial settlement under the","HM TREASURY : HM TREASURY","1,200,000.00","24/12/2020 12:00 AM","23/12/2022 12:00 AM","PRICEWATERHOUSECOOPERS LLP","https://www.contractsfinder.service.gov.uk/Notice/7f9d2f43-5771-4c4e-a78e-ac16864235f8"
"23/12/2020","EU Transition Advice Services","THE BUSINESS GROWTH HUB LIMITED","100,000.00","04/01/2021 12:00 AM","31/03/2021 12:00 AM","KNOW AND DO LIMITED","https://www.contractsfinder.service.gov.uk/Notice/44826ba3-cd72-429b-be02-a5c2c873702e"
"23/12/2020","New Anglia Local Enterprise Partnership - EU Exit Consultancy","NEW ANGLIA LOCAL ENTERPRISE PARTNERSHIP LIMITED","108,000.00","11/01/2021 12:00 AM","31/03/2021 12:00 AM","V4 SERVICES LIMITED","https://www.contractsfinder.service.gov.uk/Notice/02b63533-266d-48e9-a5ed-6196166e1390"
"23/12/2020","PPE Ref 6720 Direct Award Hardware to Support the Upgrade of the University’s Load Balancers","UNIVERSITY OF GLASGOW","326,921.56","","","INSIGHT DIRECT (UK) LTD","http://ted.europa.eu/udl?uri=TED:NOTICE:626779-2020:TEXT:EN:HTML"
"22/12/2020","Programme Manager","DEFRA NETWORK ETENDERING PORTAL","10,500.00","22/12/2020 12:00 AM","19/02/2021 12:00 AM","ALLEN LANE LIMITED","https://www.contractsfinder.service.gov.uk/Notice/a310d627-2353-43a3-bc9a-7cc28707fb13"
"22/12/2020","Provision of Commercial Negotiation and Business Case Resources to the Vaccines Taskforce Programme","THE DEPARTMENT FOR BUSINESS, ENERGY AND INDUSTRIAL STRATEGY (BEIS)","474,442.00","","","PA CONSULTING SERVICES","http://ted.europa.eu/udl?uri=TED:NOTICE:622784-2020:TEXT:EN:HTML"
"21/12/2020","Legal Support","NORTHERN LIGHTHOUSE BOARD","90,000.00","22/12/2020 12:00 AM","21/12/2025 12:00 AM","CMS CAMERON MCKENNA NABARRO OLSWANG LLP","https://www.contractsfinder.service.gov.uk/Notice/9f220069-5721-4894-945f-6a34028560a9"
"21/12/2020","Comms Project Support","DEFRA NETWORK ETENDERING PORTAL","31,250.00","21/12/2020 12:00 AM","31/03/2021 12:00 AM","METHODS BUSINESS & TECHNOLOGY LTD","https://www.contractsfinder.service.gov.uk/Notice/482a8fbb-5e27-45e3-a9e8-2d9f595778db"
"14/12/2020","Contents & Guidance Manager","DEFRA NETWORK ETENDERING PORTAL","40,000.00","14/12/2020 12:00 AM","31/03/2021 12:00 AM","ALLEN LANE","https://www.contractsfinder.service.gov.uk/Notice/691dafcc-fdd0-40a6-8d18-496e1ccfff41"
"11/12/2020","ICT Hardware order - Brexit preparation - AWARD","WORCESTERSHIRE COUNTY COUNCIL","4,674.00","11/12/2020 12:00 AM","31/01/2021 12:00 AM","BECHTLE DIRECT LTD","https://www.contractsfinder.service.gov.uk/Notice/31423b74-192a-499d-923b-c49e99b495ec"
"08/12/2020","Digital Primary Care Transformation for Mid and South Essex CCGs","ATTAIN","401,590.80","01/01/2021 12:00 AM","31/03/2021 12:00 AM","SEYMOUR JOHN SOLUTIONS DESIGN","https://www.contractsfinder.service.gov.uk/Notice/a5b27134-6ecf-4ae4-b741-15e1ef645250"
"08/12/2020","Video based healthcare consulting solution for Care Homes for Mid and South Essex CCGs","ATTAIN","181,192.80","04/01/2021 12:00 AM","31/03/2021 12:00 AM","SEYMOUR JOHN SOLUTIONS DESIGN","https://www.contractsfinder.service.gov.uk/Notice/dea56584-8e7a-491e-a081-d6c0d40285b5"
"08/12/2020","Cloud based Urinalysis ACR Diabetes Services for Mid and South Essex CCGs","ATTAIN","882,232.20","01/03/2021 12:00 AM","28/02/2023 12:00 AM","HEALTHY.IO (UK) LTD.","https://www.contractsfinder.service.gov.uk/Notice/ab61154d-863f-45e7-99d5-d5966c572d7a"
"08/12/2020","Medicines management and prescribing service for Mid and South Essex CCGs","ATTAIN","175,287.97","01/04/2021 12:00 AM","31/10/2022 12:00 AM","PRESCRIBING SERVICES LTD","https://www.contractsfinder.service.gov.uk/Notice/68f4dccc-4d88-431d-b01f-8a53a94d1ede"
"08/12/2020","Messaging solutions for General Practices in the footprint of Mid and South Essex STP","ATTAIN","397,405.50","01/04/2021 12:00 AM","31/10/2022 12:00 AM","ACCURX LIMITED","https://www.contractsfinder.service.gov.uk/Notice/32abd501-5b1c-4be1-9d79-036146d32b47"
"08/12/2020","Primary Care Clinical System Provision for mid and south Essex CCGs","ATTAIN","25,341.00","01/04/2021 12:00 AM","31/10/2022 12:00 AM","EMIS GROUP PLC","https://www.contractsfinder.service.gov.uk/Notice/6d1ad460-3e93-498c-81ff-b2030c68f899"
"08/12/2020","Primary care complete clinical system for mid and south Essex CCGs","ATTAIN","1,972,381.12","01/04/2021 12:00 AM","31/10/2022 12:00 AM","THE PHOENIX PARTNERSHIP (LEEDS) LTD","https://www.contractsfinder.service.gov.uk/Notice/fd96614d-d82f-42f8-845a-b778824e9d4d"
"28/11/2020","Development and Consultancy Resource","COMPETITION AND MARKETS AUTHORITY","47,000.00","30/11/2020 12:00 AM","31/03/2021 12:00 AM","DELTASCHEME LIMITED","https://www.contractsfinder.service.gov.uk/Notice/f8cab4d6-6f03-4cdf-bd96-677ebf2ca133"
"26/11/2020","Business Case Development - Estate Capital Funding requests","ATTAIN","61,209.00","01/12/2020 12:00 AM","31/03/2021 12:00 AM","WSP UK LIMITED","https://www.contractsfinder.service.gov.uk/Notice/e9b8d6b3-12bb-41ed-b9cc-f8aeab39c74e"
"24/11/2020","Business Resilience Support","GROWTH PLATFORM","160,000.00","","","BDO LLP","http://ted.europa.eu/udl?uri=TED:NOTICE:565714-2020:TEXT:EN:HTML"
"23/11/2020","WPA #019T - CR1 - NI Enduring Solution (Formerly Unreadiness Support)","DEFRA NETWORK ETENDERING PORTAL","1,100,985.00","23/11/2020 12:00 AM","31/03/2021 12:00 AM","KPMG LLP","https://www.contractsfinder.service.gov.uk/Notice/aa43200e-b73c-4ce8-963a-d4451df87397"
"20/11/2020","EU EXit CRM Software System","DEPARTMENT FOR INTERNATIONAL TRADE","35,760.00","22/11/2020 12:00 AM","21/11/2021 12:00 AM","ZENDESK INC,","https://www.contractsfinder.service.gov.uk/Notice/a225f89b-0199-44fa-9a2a-5728e3d3420c"
"20/11/2020","Quantitative modelling for post EU Exit trade deals (UK Agricultural industry)","DEFRA NETWORK ETENDERING PORTAL","88,925.00","27/11/2020 12:00 AM","26/11/2023 12:00 AM","HARPER ADAMS UNIVERSITY","https://www.contractsfinder.service.gov.uk/Notice/dee4dee7-2c6e-4631-8ac7-3af14dbd76d0"
"19/11/2020","MHCLG Agile Coaching/Product Management for operational teams","MINISTRY OF HOUSING, COMMUNITIES AND LOCAL GOVERNMENT (MHCLG)","","","","","https://www.digitalmarketplace.service.gov.uk/digital-outcomes-and-specialists/opportunities/13533"
"18/11/2020","Digital Stethoscopes for Mid and South Essex Care Homes","ATTAIN","532,092.00","27/11/2020 12:00 AM","26/11/2021 12:00 AM","SOLCOM LIMITED","https://www.contractsfinder.service.gov.uk/Notice/f196a99d-d2c9-4e42-8f52-7107e5037da8"
"13/11/2020","Translation Services for Department for International Trade","DEPARTMENT FOR INTERNATIONAL TRADE","150,000.00","17/11/2020 12:00 AM","31/03/2021 12:00 AM","LANGUAGE EMPIRE LIMITED","https://www.contractsfinder.service.gov.uk/Notice/f50b00a0-5fe0-4a71-b0c5-9c61e8a6211c"
"10/11/2020","Sheffield City Region Peer Networks Programme","BARNSLEY, DONCASTER, ROTHERHAM AND SHEFFIELD COMBINED AUTHORITY","46,000.00","18/11/2020 12:00 AM","31/03/2021 12:00 AM","WINNING PITCH TRADING LIMITED","https://www.contractsfinder.service.gov.uk/Notice/fb785b68-2f03-4a4f-9a51-9e0693e22cd0"
"09/11/2020","EU TRANSITION SUPPORT FOR TEES VALLEY BUSINESSES","TEES VALLEY COMBINED AUTHORITY","63,690.00","10/11/2020 12:00 AM","30/04/2021 12:00 AM","THE FUNDING FORUM","https://www.contractsfinder.service.gov.uk/Notice/05662a41-06b5-4665-8353-5f383b2cfd04"
"06/11/2020","Operational Response Exercise - Consultancy Services","DEPARTMENT FOR CULTURE MEDIA & SPORT","30,771.00","09/11/2020 12:00 AM","11/12/2020 12:00 AM","DELOITTE LLP","https://www.contractsfinder.service.gov.uk/Notice/214eeee2-57c4-4a6b-9ecb-0352f5db5d54"
"04/11/2020","Selected Medical Practitioner (SMP) &  Independent Registered Medical Practitioner (IRMP) services","7 FORCES PROCUREMENT","1,100,000.00","01/01/2021 12:00 AM","31/12/2026 12:00 AM","WRIGHTWAY LTD","https://www.contractsfinder.service.gov.uk/Notice/7b4eb9dc-9134-4c52-acce-5c6cd2d4bba9"
"04/11/2020","Supplier Information Management System","NHS BLOOD AND TRANSPLANT","220,000.00","","","HICX SOLUTIONS LTD","https://www.sell2wales.gov.wales/search/show/search_view.aspx?ID=NOV350068"
"03/11/2020","Peer Network Programme","LIVERPOOL CITY REGION L E P","125,718.00","03/11/2020 12:00 AM","31/03/2021 12:00 AM","FLOURISH COACHING","https://www.contractsfinder.service.gov.uk/Notice/acb07e85-f37c-4d43-bab2-916be80463a5"
"02/11/2020","Supplier Information Management System","NHS BLOOD AND TRANSPLANT","220,000.00","","","HICX SOLUTIONS LTD","http://ted.europa.eu/udl?uri=TED:NOTICE:523075-2020:TEXT:EN:HTML"
"31/10/2020","EU Exit Consultancy Support","DEPARTMENT FOR CULTURE MEDIA & SPORT","85,866.00","01/11/2020 12:00 AM","31/12/2020 12:00 AM","DELOITTE","https://www.contractsfinder.service.gov.uk/Notice/d4e0ab69-1032-4b75-9163-7f7c8769f3c0"
"23/10/2020","ID 2639207 — DfE — Consumer Council for NI — EU Exit and Covid-19 Graphic Design, Artwork and Print Management Services","CONSUMER COUNCIL FOR NORTHERN IRELAND","200,000.00","","","THE PIERCE PARTNERSHIP LTD","http://ted.europa.eu/udl?uri=TED:NOTICE:506491-2020:TEXT:EN:HTML"
"22/10/2020","Attention Deficit Hyperactivity Disorder (ADHD) - North East Essex","ATTAIN","220,000.00","01/04/2021 12:00 AM","31/03/2022 12:00 AM","ESSEX PARTNERSHIP UNIVERSITY NHS FOUNDATION TRUST (EPUT)","https://www.contractsfinder.service.gov.uk/Notice/2a59d3e8-bbc6-4da3-bc71-260ae6ed9a63"
"21/10/2020","Comms Project Manager","DEFRA NETWORK ETENDERING PORTAL","82,000.00","21/10/2020 12:00 AM","31/03/2021 12:00 AM","METHODS BUSINESS AND DIGITAL TECHNOLOGY LTD","https://www.contractsfinder.service.gov.uk/Notice/5f37cf65-9c61-46f9-90af-e269c5d70fb6"
"19/10/2020","Defra - User Centred Design (UCD) Capability Partner","DEFRA DIGITAL TECHNOLOGY SERVICE (DDTS)","700,000.00","","","HIPPO DIGITAL LIMITED","https://www.digitalmarketplace.service.gov.uk/digital-outcomes-and-specialists/opportunities/13329"
"14/10/2020","National and International Permanent Recruitment Solutions with Recruitment Process Optimisation","HEALTHTRUST EUROPE LLP (HTE) ACTING AS AGENT FOR THE UNIVERSITY HOSPITALS OF COVENTRY AND WARWICKSHIRE NHS TRUST (‘UHCW’)","25,000,000.00","","","ACCIDENT AND EMERGENCY AGENCY LTD","http://ted.europa.eu/udl?uri=TED:NOTICE:486800-2020:TEXT:EN:HTML"
"14/10/2020","National and International Permanent Recruitment Solutions with Recruitment Process Optimisation","HEALTHTRUST EUROPE LLP (HTE) ACTING AS AGENT FOR THE UNIVERSITY HOSPITALS OF COVENTRY AND WARWICKSHIRE NHS TRUST (‘UHCW’)","25,000,000.00","","","ACCIDENT AND EMERGENCY AGENCY LIMITED","http://ted.europa.eu/udl?uri=TED:NOTICE:486800-2020:TEXT:EN:HTML"
"12/10/2020","VPaaS Contract Award","HMRC","168,800,000.00","","","FUJITSU LTD","http://ted.europa.eu/udl?uri=TED:NOTICE:481324-2020:TEXT:EN:HTML"
"08/10/2020","Project Manager","DEFRA NETWORK ETENDERING PORTAL","29,200.00","08/10/2020 12:00 AM","31/12/2020 12:00 AM","METHODS BUSINESS AND DIGITAL TECHNOLOGY LTD","https://www.contractsfinder.service.gov.uk/Notice/4b07f5b4-e8dd-485f-b2f8-6fc0dff4b99e"
"07/10/2020","Senior Policy Advisor","DEFRA NETWORK ETENDERING PORTAL","42,800.00","07/10/2020 12:00 AM","31/01/2021 12:00 AM","VENN GROUP","https://www.contractsfinder.service.gov.uk/Notice/57b2c2df-8a6a-445d-8839-49ad1e6dea9d"
"06/10/2020","DEVELOPING A SUCCESSFUL, MULTI -YEAR PAY CASE FOR THE HEALTH & SAFETY EXECUTIVE","HEALTH & SAFETY EXECUTIVE","21,805.00","10/02/2020 12:00 AM","30/04/2020 12:00 AM","MCR","https://www.contractsfinder.service.gov.uk/Notice/cef74c99-bdc9-44d4-a695-33ebf6fe7406"
"02/10/2020","Provision of Consultancy for Support on Readiness Dashboard","CABINET OFFICE : CABINET OFFICE","2,000,000.00","05/10/2020 12:00 AM","29/01/2021 12:00 AM","NEWTON EUROPE LIMITED","https://www.contractsfinder.service.gov.uk/Notice/bfd8a1ff-4389-4839-a46d-827dbd53e21d"
"02/10/2020","HMRC EU TRANSITION LEGAL SERVICES","H M REVENUE & CUSTOMS","500,000.00","05/10/2020 12:00 AM","04/10/2021 12:00 AM","EVERSHEDS SUTHERLAND (INTERNATIONAL) LLP","https://www.contractsfinder.service.gov.uk/Notice/bd81de4d-429e-4de1-b02f-530b17d05600"
"30/09/2020","NSDR Operational Readiness Testing","ATAMIS LTD","23,900.00","01/10/2020 12:00 AM","31/12/2020 12:00 AM","DELOITTE LLP","https://www.contractsfinder.service.gov.uk/Notice/0d307099-b0b8-4e60-bd6f-04994fa0d7ad"
"30/09/2020","NSDR Operational Readiness Testing","DEPARTMENT OF HEALTH AND SOCIAL CARE (DHSC)","23,900.00","01/10/2020 12:00 AM","31/12/2020 12:00 AM","DELOITTE LLP","https://www.contractsfinder.service.gov.uk/Notice/7b110478-8423-4c64-b36e-e747944edd6f"
"29/09/2020","Deputy","DEPARTMENT OF HEALTH & SOCIAL CARE","10,440.00","01/10/2020 12:00 AM","01/10/2020 12:00 AM","DEPUTY EMEA LIMITED","https://www.contractsfinder.service.gov.uk/Notice/dc05d403-f234-4632-9145-bdaea730c2f2"
"28/09/2020","Peer Networks - Cohort Delivery Framework","THE BUSINESS GROWTH HUB LIMITED","160,000.00","01/10/2020 12:00 AM","31/12/2021 12:00 AM","16 SUPPLIERS AWARDED","https://www.contractsfinder.service.gov.uk/Notice/c2009a21-b2a7-4309-a9d1-a635a9e26e12"
"23/09/2020","Mills & Reeve Extension","MCA - MARITIME AND COASTGUARD AGENCY","368,447.00","23/09/2020 12:00 AM","20/03/2023 12:00 AM","MILLS & REEVE LLP","https://www.contractsfinder.service.gov.uk/Notice/844a0661-1adc-4425-a637-91a96537ed8b"
"23/09/2020","Professional Services to JBC","DEPARTMENT OF HEALTH AND SOCIAL CARE","1,800,000.00","","","ERNST AND YOUNG LLP","http://ted.europa.eu/udl?uri=TED:NOTICE:448036-2020:TEXT:EN:HTML"
"11/09/2020","EU Exit Transition Business Preparedness Survey","DEPARTMENT FOR CULTURE MEDIA & SPORT","14,000.00","24/09/2020 12:00 AM","26/10/2020 12:00 AM","YOUGOV","https://www.contractsfinder.service.gov.uk/Notice/84090721-be3d-40f1-b69f-7562fe4afa65"
"04/09/2020","Project Support Officer","DEFRA NETWORK ETENDERING PORTAL","36,600.00","05/10/2020 12:00 AM","31/03/2021 12:00 AM","INVESTIGO","https://www.contractsfinder.service.gov.uk/Notice/f6e0469d-dc92-4a81-86ef-7e5000d48c92"
"03/09/2020","Sectoral Policy & Future Support SEO","DEFRA NETWORK ETENDERING PORTAL","34,300.00","03/09/2020 12:00 AM","31/12/2020 12:00 AM","INVESTIGO","https://www.contractsfinder.service.gov.uk/Notice/2b9fe874-9337-4921-84f5-f689408df2d0"
"01/09/2020","Continuity Negotiations Trade Legal Support","DEPARTMENT FOR INTERNATIONAL TRADE","3,000,000.00","02/09/2020 12:00 AM","01/09/2021 12:00 AM","CLIFFORD CHANCE LLP","https://www.contractsfinder.service.gov.uk/Notice/d9e5c99b-0e4d-4d1a-b526-5c46009dba1a"
"01/09/2020","Test Analyst","DEFRA NETWORK ETENDERING PORTAL","27,200.00","01/09/2020 12:00 AM","24/11/2020 12:00 AM","ALLEN LANE","https://www.contractsfinder.service.gov.uk/Notice/8fb372c1-fc3b-47ae-9095-77ae02e49d39"
"01/09/2020","Test Analyst","DEFRA NETWORK ETENDERING PORTAL","23,450.00","01/09/2020 12:00 AM","24/11/2020 12:00 AM","METHODS BUSINESS AND DIGITAL TECHNOLOGY LTD","https://www.contractsfinder.service.gov.uk/Notice/1e5e8f11-12f8-4e71-8bd5-40f733a5ec75"
"28/08/2020","Consultancy for Constitution and Borders - PEL669","DEFRA NETWORK ETENDERING PORTAL","110,400.00","28/08/2020 12:00 AM","31/10/2020 12:00 AM","DELOITTE LLP","https://www.contractsfinder.service.gov.uk/Notice/69b51f99-df09-4ead-a32b-3798ba974adb"
"24/08/2020","Digital Boomers. Ageing Well Programme: Digital Activation","ATTAIN","65,000.00","01/09/2020 12:00 AM","30/11/2021 12:00 AM","RETHINK PARTNERS","https://www.contractsfinder.service.gov.uk/Notice/fe732bc7-76fd-406a-b65d-d69ba1b461b8"
"17/08/2020","London Councils & LCCI Business 1000 Research 2020-22","LONDON COUNCILS","88,000.00","17/08/2020 12:00 AM","30/12/2022 12:00 AM","YOUGOV PLC","https://www.contractsfinder.service.gov.uk/Notice/bced1814-1276-4f03-a546-3c329977d0ac"
"17/08/2020","Australia/New Zealand Trade Legal Support","DEPARTMENT FOR INTERNATIONAL TRADE","4,500,000.00","25/08/2020 12:00 AM","25/08/2023 12:00 AM","HOGAN LOVELLS INTERNATIONAL LLP","https://www.contractsfinder.service.gov.uk/Notice/438248fc-12e3-4d07-bce2-77da578c2862"
"11/08/2020","Brexit Preparedness Survey - Transition Period","DEPARTMENT FOR CULTURE MEDIA & SPORT","19,150.00","12/08/2020 12:00 AM","09/09/2020 12:00 AM","YOUGOV","https://www.contractsfinder.service.gov.uk/Notice/f6097537-189c-4c70-82ba-bc3162228550"
"10/08/2020","EU/GB Legislation Support","DEFRA NETWORK ETENDERING PORTAL","36,000.00","17/08/2020 12:00 AM","10/11/2020 12:00 AM","ALLEN LANE","https://www.contractsfinder.service.gov.uk/Notice/4a0b84bc-3e62-4f63-9044-eb16b13bbbe2"
"05/08/2020","UK-Australia Knowledge Economy Research","DEPARTMENT FOR INTERNATIONAL TRADE","39,500.00","07/08/2020 12:00 AM","09/10/2020 12:00 AM","NOUS GROUP","https://www.contractsfinder.service.gov.uk/Notice/47f08b41-4066-40df-a21a-252029821812"
"04/08/2020","Comms-Content & Guidance","DEFRA NETWORK ETENDERING PORTAL","49,390.00","04/08/2020 12:00 AM","31/12/2020 12:00 AM","ALLEN LANE","https://www.contractsfinder.service.gov.uk/Notice/0a46f022-45c4-4b61-8ba7-763ed671cbd4"
"03/08/2020","PMO Admin Officer EO","DEFRA NETWORK ETENDERING PORTAL","29,362.00","03/08/2020 12:00 AM","31/12/2020 12:00 AM","METHODS BUSINESS AND DIGITAL TECHNOLOGY LTD","https://www.contractsfinder.service.gov.uk/Notice/ef283595-35e3-44a3-884d-426252e7e3b9"
"22/07/2020","P4103118 - Provision of Legal Advisors for EU Exit Freight Capacity Project","DFTC - DEPARTMENT FOR TRANSPORT","600,000.00","22/07/2020 12:00 AM","22/01/2022 12:00 AM","SLAUGHTER AND MAY LLP","https://www.contractsfinder.service.gov.uk/Notice/a08dac71-404f-445a-8095-1da71a6f8d28"
"22/07/2020","Resource Manager","DEFRA NETWORK ETENDERING PORTAL","65,945.00","22/07/2020 12:00 AM","31/12/2020 12:00 AM","ALLEN LANE","https://www.contractsfinder.service.gov.uk/Notice/2e3ecff4-ef05-4983-a828-806b3750fe0e"
"02/07/2020","GLD013 2020 - EU Negotiations Legal Services","GOVERNMENT LEGAL DEPARTMENT","500,000.00","09/07/2020 12:00 AM","08/07/2022 12:00 AM","CLIFFORD CHANCE LLP","https://www.contractsfinder.service.gov.uk/Notice/01d9fe68-b828-4654-9efe-72f11e6ae9a1"
"30/06/2020","CR21057 BEIS Brexit Barometer","UK SHARED BUSINESS SERVICES LIMITED","70,650.00","01/07/2020 12:00 AM","31/03/2021 12:00 AM","BDRC CONTINENTAL LIMITED","https://www.contractsfinder.service.gov.uk/Notice/df9160f3-91fa-4ca0-b666-c10da52bafe7"
"25/06/2020","(NU/1582) Supply of Real-Time Network Simulator and Power Amplifier","NEWCASTLE UNIVERSITY","44,000.00","26/06/2020 12:00 AM","30/09/2020 12:00 AM","OPAL-RT EUROPE","https://www.contractsfinder.service.gov.uk/Notice/39e7db4c-0da5-4531-b162-6f4b9c5d0cac"
"22/06/2020","BREXIT - Events Management","CROWN COMMERCIAL SERVICE","0.00","06/09/2020 12:00 AM","05/09/2021 12:00 AM","INDEMNITY HOLDINGS LIMITED","https://www.contractsfinder.service.gov.uk/Notice/20fd9144-8f29-4f62-a247-d2b386a3562b"
"17/06/2020","Partnerships Marketing Agency for EU Transition Campaign","CABINET OFFICE : CABINET OFFICE","750,000.00","19/06/2020 12:00 AM","18/06/2021 12:00 AM","23 RED","https://www.contractsfinder.service.gov.uk/Notice/455a54ef-ffae-44b4-a763-23309b191bc6"
"08/06/2020","Economics of Livestock Health and Welfare Enhancements","DEFRA NETWORK ETENDERING PORTAL","500,000.00","01/09/2020 12:00 AM","31/03/2022 12:00 AM","UNIVERSITY OF BRISTOL","https://www.contractsfinder.service.gov.uk/Notice/a090f293-462b-430c-aebd-6ced51ed0437"
"19/05/2020","UKSBS PR18079 Business Support Helpline","DEPARTMENT OF BUSINESS, ENERGY AND INDUSTRIAL STRATEGY","3,684,769.06","","","UMI COMMERCIAL LTD","http://ted.europa.eu/udl?uri=TED:NOTICE:232275-2020:TEXT:EN:HTML"
"15/05/2020","Proc586 - DevOps to support EUE and Portfolio Projects","HOME OFFICE","3,700,000.00","15/05/2020 12:00 AM","31/12/2020 12:00 AM","CAPGEMINI UK PLC","https://www.contractsfinder.service.gov.uk/Notice/615913c0-6889-48ea-8370-1ef616798e6d"
"13/05/2020","Cefas: RFQ: For consultancy and advice relating to organisational performance","DEFRA NETWORK ETENDERING PORTAL","","01/06/2020 12:00 AM","","","https://defra.bravosolution.co.uk/esop/toolkit/opportunity/past/49188/detail.si"
"30/04/2020","FS900089 - PM Implement the IRE/NI Protocol","THE FOOD STANDARDS AGENCY","44,000.00","11/05/2020 12:00 AM","31/03/2022 12:00 AM","","https://www.contractsfinder.service.gov.uk/Notice/be00f139-0099-416b-ade1-a0af061a8d7d"
"20/04/2020","(NU/1573) Supply of Real-Time Test Bed for Microgrid","NEWCASTLE UNIVERSITY","96,280.00","21/04/2020 12:00 AM","30/06/2020 12:00 AM","OPAL-RT EUROPE","https://www.contractsfinder.service.gov.uk/Notice/267975a5-dcae-41d9-9149-c5bb49020d3f"
"29/03/2020","Supply of Personal Protective Equipment for Healthcare Workers for the Care of Patients with Suspected or Confirmed Novel Coronavirus (COVID-19)","DEPARTMENT OF HEALTH AND SOCIAL CARE (PPE)","17,322,618.00","29/03/2020 12:00 AM","30/09/2021 12:00 AM","WINNER MEDICAL CO., LTD.","https://www.contractsfinder.service.gov.uk/Notice/c6258a36-840a-47c8-bbb3-40a95e74dbfd"
"28/03/2020","Maintaining Pega applications in production and enhancement of user experience","HEALTH RESEARCH AUTHORITY (HRA)","210,000.00","","","COGNIZANT WORLDWIDE LIMITED","https://www.digitalmarketplace.service.gov.uk/digital-outcomes-and-specialists/opportunities/12169"
"06/03/2020","Ecolabel Extension and Decommissioning","DEFRA NETWORK ETENDERING PORTAL","27,600.00","09/03/2020 12:00 AM","31/12/2020 12:00 AM","OAKDENE HOLLINS","https://www.contractsfinder.service.gov.uk/Notice/35ae8050-d90d-4de3-ae19-9f1367ad77ce"